nome,placa,total_multas,genero,endereco,cidade,estado,ultima_multa
Fernando Nogueira,PEO-1D26,51,Homem,"Recanto de Fernandes, 1",NOVO REPARTIMENTO,PA,2020-09-30
Lorena Lopes,KDE-3P86,53,Mulher,"Loteamento Nicole Azevedo, 5",CAROEBE,RR,2022-01-31
Lívia da Rocha,BGQ-9Q74,89,Mulher,"Rodovia de da Mata, 7",GUAÇUÍ,ES,2020-04-29
Luna Nascimento,VON-7X44,66,Mulher,"Fazenda de Ramos, 472",NINA RODRIGUES,MA,2020-03-21
Cecília da Luz,YFS-2A50,49,Mulher,Via de Moraes,SÃO JOSÉ DAS MISSÕES,RS,2020-07-27
Ana Clara Fernandes,DQF-2D56,69,Não binário,"Vale de Moreira, 64",COUTO MAGALHÃES,TO,2020-01-05
Rafael Vieira,QOF-7E40,11,Homem,"Ladeira de Alves, 520",GOIANIRA,GO,2021-11-12
Ana Luiza Carvalho,VSY-8R85,75,Não binário,"Área de Dias, 51",FELIZ DESERTO,AL,2022-10-28
Arthur Alves,IFD-3K78,39,Homem,"Largo Peixoto, 8",AREIA BRANCA,SE,2020-01-29
Larissa da Rosa,WDO-8R77,8,Mulher,"Feira Felipe Lopes, 89",DUERÉ,TO,2020-02-08
João Gabriel da Mota,QCZ-2Q25,51,Homem,"Jardim Lavínia Ribeiro, 3",CARUARU,PE,2023-06-02
Manuela Novaes,PWG-1Y38,0,Mulher,"Rua Luana Barros, 8",SENA MADUREIRA,AC,2020-03-21
Davi Lucas Fogaça,ZGV-4W68,81,Homem,"Área João Miguel Sales, 2",Brasília,DF,2020-09-30
Cauã Duarte,OXA-0C19,61,Homem,"Residencial Novaes, 93",MIGUEL PEREIRA,RJ,2021-04-22
Bruna Teixeira,EBL-8N48,69,Não binário,"Trecho de Fernandes, 58",JACUNDÁ,PA,2022-03-02
Daniela da Mota,XHR-2E36,85,Não binário,"Pátio de Azevedo, 25",Brasília,DF,2020-04-04
Carolina Fogaça,DEK-9K26,69,Não binário,Rua Pereira,MIGUEL PEREIRA,RJ,2022-03-03
João Pedro Moraes,EGM-4Z50,44,Homem,"Jardim Castro, 37",PESCADOR,MG,2022-05-31
Fernando Campos,FTG-4P55,22,Homem,"Residencial Jesus, 56",SÃO JOSÉ DO DIVINO,PI,2022-09-07
Sr. Luiz Miguel da Cruz,BDS-6R00,90,Homem,"Parque Sophie Gonçalves, 59",FERNANDO PEDROZA,RN,2020-04-01
Vitor Hugo Barbosa,RJE-6Y18,28,Homem,"Residencial Silva, 54",SÃO JOSÉ DO POVO,MT,2022-10-17
Manuela Correia,VKQ-3J64,85,Não binário,"Via Monteiro, 504",NOSSA SENHORA DE LOURDES,SE,2022-08-08
Antônio Souza,OHC-0R68,79,Homem,"Ladeira de Sales, 450",JUREMA,PI,2022-12-27
Mariane Novaes,LJR-1J62,30,Mulher,"Distrito Luigi Martins, 324",NOVA SANTA HELENA,MT,2022-10-14
Sophie Silva,HBY-7N40,67,Mulher,"Ladeira Alana Oliveira, 56",XAMBIOÁ,TO,2020-06-27
Rafaela da Paz,DDF-2B59,92,Não binário,"Trecho Farias, 26",LAGOA SANTA,GO,2020-05-05
Sr. Davi Luiz Sales,HRL-0Q00,40,Homem,"Vereda Fernandes, 98",CARMOLÂNDIA,TO,2020-07-13
Maria Eduarda Carvalho,SBQ-6P98,36,Mulher,"Rodovia Emanuella da Rocha, 91",SÃO JOÃO DA BALIZA,RR,2023-03-08
Beatriz Peixoto,EOE-0W07,29,Mulher,"Trecho Kamilly Costela, 76",BOQUIM,SE,2021-11-22
Sra. Isabelly Souza,JYT-3Z33,99,Mulher,"Praia Monteiro, 98",BOA VISTA DO RAMOS,AM,2020-04-28
Marcela Aragão,GHA-7Q55,11,Não binário,"Aeroporto Ana Sophia da Conceição, 8",PRESIDENTE CASTELLO BRANCO,SC,2020-03-31
Bruna Sales,AZY-2X59,5,Não binário,"Alameda Moraes, 6",CAMPESTRE,AL,2020-05-11
Felipe Cardoso,GAY-3Z89,64,Homem,"Fazenda Silveira, 678",JUNDIÁ,RN,2021-03-05
Ana Julia Rodrigues,HQU-4W81,68,Não binário,Feira Sophie Pinto,MANGARATIBA,RJ,2022-05-23
Gabrielly Barros,JIL-6W18,68,Não binário,"Sítio Arthur Barros, 891",JATOBÁ DO PIAUÍ,PI,2021-01-06
Ana Clara Nogueira,VJL-8R86,66,Mulher,"Morro Costela, 38",CARAUARI,AM,2022-01-18
Emanuelly Freitas,QEQ-7M90,48,Mulher,"Jardim de Moraes, 95",ITAPERUÇU,PR,2021-06-21
Mariana Martins,BDR-4N16,23,Não binário,"Largo Santos, 953",ESPERANÇA NOVA,PR,2022-01-14
Joana Rocha,JXF-5R22,44,Não binário,Alameda de das Neves,ANGICO,TO,2020-06-23
Maria Alice Cavalcanti,OWJ-9Z81,36,Mulher,"Viaduto de Barbosa, 629",VILA PROPÍCIO,GO,2020-01-02
Maria da Costa,EDX-4D72,45,Não binário,"Pátio João Pedro Pereira, 772",SANTANA DO ITARARÉ,PR,2022-12-22
Ana Julia Fogaça,ZNS-6W75,40,Não binário,"Passarela Gustavo Porto, 674",AMARANTE DO MARANHÃO,MA,2023-07-03
Thiago Cardoso,YGW-5G72,74,Homem,"Avenida Agatha Lopes, 3",Brasília,DF,2020-09-01
Pedro Lucas Moura,ESC-3Q10,79,Homem,"Rua Igor Vieira, 30",CAJAZEIRINHAS,PB,2021-12-20
Emanuelly da Cruz,NYG-8O91,79,Mulher,"Parque Miguel da Cunha, 13",SANTA CRUZ DO XINGU,MT,2020-01-15
Sra. Laura Silva,WVS-8U74,80,Não binário,"Trecho de da Cunha, 804",ESPERANÇA DO SUL,RS,2022-02-21
Dr. Augusto da Rocha,QKT-2W07,31,Homem,"Estação Vieira, 85",URBANO SANTOS,MA,2022-11-21
Calebe Viana,COR-8D31,26,Homem,"Passarela Porto, 58",TRÊS RIOS,RJ,2023-05-13
Guilherme Cardoso,DOI-1V28,3,Homem,"Praia de Moura, 111",TANGARÁ,SC,2020-09-13
Mariane da Cunha,PAA-4Z68,64,Mulher,"Vila Gabrielly Sales, 54",ITABAIANA,SE,2023-02-17
Davi Luiz Novaes,AEF-7G63,49,Homem,"Praça de Gomes, 179",NAZARÉ,TO,2022-01-25
Erick Freitas,JYR-8J44,63,Homem,"Setor Isabelly Lima, 18",ROSÁRIO DO CATETE,SE,2021-12-14
Lucas Jesus,SLJ-0D84,95,Homem,"Ladeira de da Cunha, 1",SANTA TERESA,ES,2020-08-17
Isaac Rocha,MHQ-3K41,26,Homem,"Aeroporto Silveira, 87",ERECHIM,RS,2020-08-27
Emanuella Mendes,LYQ-5W23,71,Mulher,"Conjunto Enzo Gabriel Pires, 91",RIO VERDE DE MATO GROSSO,MS,2020-05-20
Leonardo Mendes,QFY-3Y39,83,Homem,"Feira Azevedo, 65",COREMAS,PB,2020-03-31
Dr. Nicolas Moura,VBB-0B70,54,Homem,"Pátio de Nascimento, 492",NOVA CRIXÁS,GO,2021-02-25
Maria Cecília Aragão,EBZ-8J32,84,Não binário,"Campo de da Mata, 4",COSTA MARQUES,RO,2021-01-14
Carlos Eduardo da Cruz,APC-3Q77,72,Homem,"Sítio de Dias, 94",IRITUIA,PA,2023-04-17
Clarice Moreira,AWK-5C36,52,Mulher,"Rua de da Luz, 36",SÃO FRANCISCO,PB,2022-12-20
Thomas Pereira,YQF-3Z62,67,Homem,"Praia Lívia Rezende, 53",MARIBONDO,AL,2021-01-21
Fernanda Gonçalves,IXI-8V17,85,Mulher,"Quadra de Cavalcanti, 56",MONSENHOR GIL,PI,2020-06-20
Maitê Pires,BLR-6S34,80,Não binário,"Viela de Oliveira, 85",NOVA ESPERANÇA DO PIRIÁ,PA,2023-05-15
Sophia Novaes,XGX-4V29,76,Mulher,"Praça Pedro Aragão, 46",AQUIDAUANA,MS,2020-01-25
Cauã Lopes,ZBE-8G90,28,Homem,"Rua Erick Alves, 268",UIRAÚNA,PB,2021-03-16
Fernanda Pires,BTQ-4E31,42,Mulher,"Distrito de Nogueira, 27",SANTANA,AP,2020-12-25
Sr. Lucas Gabriel Souza,GUQ-7I54,94,Homem,"Largo Rezende, 70",NOVA BRASILÂNDIA D'OESTE,RO,2020-08-20
Ana Beatriz Lima,UMF-0X64,6,Não binário,"Rua de Moura, 99",SÃO SEBASTIÃO,SP,2023-01-17
Camila da Costa,XGR-1U43,75,Mulher,Viaduto de da Mota,Brasília,DF,2023-04-20
João Vitor da Rocha,ALW-5C63,26,Homem,"Vale Helena da Rocha, 21",DAVINÓPOLIS,GO,2020-03-29
Letícia Jesus,WDX-1N47,81,Mulher,"Conjunto de da Cunha, 48",SÃO LUIZ,RR,2022-07-11
Thales da Conceição,VOI-9F34,63,Homem,"Vale de Aragão, 61",ITAMARATI DE MINAS,MG,2023-04-29
Sra. Luiza Viana,LOG-4E02,2,Não binário,"Área da Mota, 42",AUTAZES,AM,2020-12-15
Mirella Almeida,BPV-8L58,8,Não binário,"Campo da Conceição, 27",MIMOSO DO SUL,ES,2021-03-16
Luana Nunes,QHO-8X99,48,Mulher,"Lagoa de da Mota, 90",XAVANTINA,SC,2020-10-26
Srta. Lívia Rodrigues,UCK-5T58,17,Mulher,Vereda Benício Cardoso,CONCEIÇÃO DOS OUROS,MG,2020-12-07
Olivia Fernandes,NBG-5Z86,52,Mulher,"Avenida Lopes, 37",ARABUTÃ,SC,2022-01-22
Davi Santos,ICX-6O15,70,Homem,"Esplanada de Rodrigues, 8",JARINU,SP,2021-01-20
Helena Dias,JIJ-0Q88,14,Não binário,"Passarela Luiz Fernando Farias, 34",ITAUBAL,AP,2022-08-21
Alana da Rosa,FCC-3W56,31,Não binário,"Trevo Isabelly Mendes, 770",CARIRA,SE,2021-07-06
Ian Sales,ZYM-2P75,6,Homem,"Recanto Pereira, 224",JOAQUIM PIRES,PI,2022-01-22
Marina Porto,WTZ-1K06,6,Mulher,Alameda da Rosa,ARAGUAIANA,MT,2021-08-11
Alexia Cardoso,DLC-1V26,29,Não binário,"Trevo de Campos, 23",SANTA TEREZINHA DE ITAIPU,PR,2020-12-04
Manuela Pires,FOV-2W65,5,Não binário,"Residencial Luiz Felipe Duarte, 4",Brasília,DF,2021-10-25
Sra. Alana Moraes,ADM-2N79,11,Mulher,"Travessa Lima, 5",VARGEM ALTA,ES,2020-08-02
Raquel Duarte,UJC-6F90,29,Não binário,"Praia de Almeida, 59",SANTANA,AP,2022-10-24
Bruno Pinto,HEE-0M59,75,Homem,"Lago de Sales, 31",JUREMA,PE,2023-06-29
Sophia Cunha,CGJ-0K18,75,Não binário,"Largo da Costa, 181",SENADOR GUIOMARD,AC,2021-06-29
Ana Beatriz da Luz,PPK-2R95,46,Mulher,"Colônia de da Rosa, 95",MARECHAL THAUMATURGO,AC,2021-03-28
Gabrielly Nogueira,BOC-5Z53,44,Mulher,Esplanada Natália Barbosa,LAGOA DE DENTRO,PB,2023-04-05
Maitê Cardoso,FJR-8J22,77,Mulher,"Feira Renan Jesus, 146",COLATINA,ES,2022-12-06
Pietra das Neves,ICI-1U86,23,Não binário,"Avenida de Castro, 441",NOVA OLÍMPIA,MT,2023-06-07
Isadora Silva,GRU-9N89,62,Não binário,"Largo Rafaela Viana, 892",CRUZEIRO DO SUL,AC,2020-09-22
Dra. Kamilly da Cunha,TMN-4K27,14,Mulher,"Área Gabriel Pires, 84",ITAUBAL,AP,2020-01-30
Luiza Nogueira,NSU-9U78,62,Mulher,"Parque Mariane Ribeiro, 10",CAMPOS VERDES,GO,2021-07-04
Dra. Evelyn Correia,OCP-7E68,79,Mulher,"Residencial da Luz, 14",ALEGRE,ES,2021-02-16
Dr. Juan Nunes,QUZ-9S01,81,Homem,"Residencial João Miguel Aragão, 427",POMBAL,PB,2022-10-15
Maitê da Rocha,GNK-1N59,81,Não binário,"Núcleo Carvalho, 971",XAPURI,AC,2023-01-10
Laís Rodrigues,FHA-2S38,21,Não binário,"Estrada Luiza Jesus, 72",PINHEIRO,MA,2023-06-24
Dr. João Pedro Ferreira,MGN-1F18,35,Homem,"Lagoa Raquel da Rosa, 32",BONITO,PE,2020-01-25
Mariana Azevedo,UOZ-7O55,5,Mulher,"Praça Diego da Cunha, 774",AREIÓPOLIS,SP,2021-06-29
Nicole Alves,EJO-0Z04,37,Não binário,"Chácara Milena Araújo, 9",FUNDÃO,ES,2023-06-17
Maria Eduarda da Rosa,WLP-8O76,62,Mulher,"Alameda Araújo, 37",VITÓRIA DO JARI,AP,2022-03-05
Daniel Almeida,JHA-8D23,11,Homem,"Pátio de Monteiro, 97",PORTO,PI,2023-03-29
Raquel Pinto,IVF-2E25,18,Mulher,"Residencial Rafaela Lopes, 27",ITAMARATI DE MINAS,MG,2020-02-04
Stephany Rodrigues,ZKE-7O23,79,Mulher,"Quadra Natália Monteiro, 39",IRINEÓPOLIS,SC,2020-02-14
Dra. Sabrina Pinto,TGO-7J21,67,Não binário,"Campo Larissa Sales, 909",TOMAR DO GERU,SE,2022-09-12
Sophia Ferreira,UVI-0S75,86,Não binário,"Loteamento de Teixeira, 222",SENADOR GEORGINO AVELINO,RN,2022-08-03
Luiz Fernando Azevedo,SMT-5G11,51,Homem,"Trecho de Ferreira, 5",ISRAELÂNDIA,GO,2022-01-22
Nathan Dias,CYJ-6I90,59,Homem,"Viela Pietro Almeida, 50",MONTE NEGRO,RO,2021-02-22
Raquel Nascimento,WGW-0U73,79,Não binário,"Estrada Correia, 117",TAIPAS DO TOCANTINS,TO,2020-05-21
Alana da Paz,ABP-3X45,88,Mulher,Esplanada de da Cruz,TOUROS,RN,2021-07-04
Stella Rocha,KEC-1Z98,68,Não binário,"Conjunto Raquel Cavalcanti, 53",PRACUÚBA,AP,2022-09-05
Francisco Carvalho,JQX-3E55,68,Homem,Vila Emanuel Castro,PORTO WALTER,AC,2022-11-08
Melissa Cavalcanti,DFW-5Z56,96,Não binário,"Rua de Caldeira, 80",JAGUARIBARA,CE,2020-04-17
Dr. Rodrigo Farias,GKC-1F25,14,Homem,"Estação da Mata, 64",SERRA DO NAVIO,AP,2021-08-17
Paulo da Paz,AIP-1C96,60,Homem,"Vereda Julia Viana, 417",GOVERNADOR EDISON LOBÃO,MA,2021-06-24
Stephany Aragão,JPS-8J32,2,Não binário,"Favela Castro, 38",RIO DO ANTÔNIO,BA,2021-12-29
Elisa Monteiro,BFG-4P74,79,Não binário,"Lagoa Maria Vitória Caldeira, 1",LAGOA GRANDE,PE,2020-04-21
Laura Ramos,YFY-1A55,79,Mulher,"Setor de Sales, 36",GOVERNADOR EUGÊNIO BARROS,MA,2021-11-03
Mariane Nogueira,SNV-7E52,20,Mulher,"Passarela Gomes, 21",DOM MACEDO COSTA,BA,2021-02-05
Dr. João Santos,MVD-0H77,3,Homem,"Recanto Mariane Peixoto, 7",FAINA,GO,2023-03-24
Isadora Aragão,LZY-1A96,24,Não binário,"Condomínio Souza, 377",DOUTOR SEVERIANO,RN,2020-08-10
Maysa da Mata,PWX-0O70,10,Mulher,"Chácara de Novaes, 9",MURIBECA,SE,2021-01-12
Caroline Aragão,QLX-8P35,63,Não binário,"Trecho de Pinto, 38",PEDRA BRANCA DO AMAPARI,AP,2020-05-17
Sr. Enrico Castro,TSD-4G90,30,Homem,"Fazenda de Souza, 532",SÃO RAFAEL,RN,2023-04-28
Clarice Silveira,TRH-1Y74,25,Mulher,"Lago Correia, 47",RIO TINTO,PB,2020-06-17
Natália Cunha,LEM-7F22,48,Não binário,"Praia de Castro, 72",SERINGUEIRAS,RO,2022-08-09
Ana Laura Novaes,JVM-9K89,39,Não binário,Quadra de Monteiro,IÚNA,ES,2020-07-28
Elisa da Mata,ZUZ-2M65,3,Mulher,"Via de Nascimento, 89",POTÉ,MG,2022-12-21
Isis Silveira,UFP-5N16,71,Não binário,"Condomínio de Pinto, 19",ESTRELA DE ALAGOAS,AL,2020-08-04
Sofia Caldeira,ZEP-2Z36,65,Mulher,"Esplanada Valentina Sales, 16",CARACARAÍ,RR,2020-09-28
Enzo Gabriel da Mata,VKL-0L94,83,Homem,Esplanada Joana Santos,FERREIRA GOMES,AP,2021-01-01
Carlos Eduardo Correia,ATS-3U63,28,Homem,"Residencial Moreira, 466",PRESIDENTE KENNEDY,TO,2020-06-21
Dra. Isabella Rocha,KBK-8N59,36,Não binário,Trecho Peixoto,PONTE PRETA,RS,2022-09-02
Levi da Cruz,DJA-5Y22,55,Homem,"Praia de Cunha, 922",SÃO RAIMUNDO NONATO,PI,2022-05-16
Benício Lima,MCK-9G43,68,Homem,"Rodovia de Freitas, 77",ASSIS BRASIL,AC,2020-03-06
Ana Sophia Ramos,JQN-0V17,14,Mulher,"Trevo Emanuella Pinto, 82",CAROEBE,RR,2020-07-24
Rafaela Martins,GLQ-4C29,5,Mulher,"Lago de da Luz, 836",MIRASSOL D'OESTE,MT,2022-09-30
Leonardo Martins,RTF-6U41,83,Homem,"Jardim da Mata, 3",BOA VISTA DO RAMOS,AM,2020-07-22
Maria Vitória da Cruz,AQA-4R68,51,Não binário,Núcleo Rocha,CAMPOS DO JORDÃO,SP,2021-04-24
Breno Oliveira,GBA-9Z65,34,Homem,"Trecho de Costa, 19",JUÍNA,MT,2020-05-26
Eloah Alves,WNZ-0I14,24,Mulher,"Lago Rafaela da Mota, 223",GOIANÉSIA DO PARÁ,PA,2020-06-22
Maria Julia Monteiro,CVW-5O90,18,Não binário,"Praça Farias, 76",MÂNCIO LIMA,AC,2020-08-03
Brenda Cunha,RGG-8D43,13,Não binário,"Jardim Arthur Ribeiro, 92",PORTEL,PA,2020-06-29
Maria Sophia da Rocha,FZL-7I45,12,Não binário,"Lagoa Lucas Campos, 734",ARAPUTANGA,MT,2023-01-04
Davi Lucas da Cruz,MXU-0N99,53,Homem,"Viaduto Melo, 87",RODRIGUES ALVES,AC,2020-04-15
Maria Vitória Santos,CUA-8A94,74,Não binário,"Rodovia Maitê da Rosa, 905",CAPELA,AL,2021-03-13
Clara Cunha,GXI-5X33,80,Não binário,"Estrada Vitória Novaes, 45",ESPLANADA,BA,2020-03-03
Raquel da Rocha,TSD-2S53,78,Mulher,"Parque Melo, 68",SALTO DO JACUÍ,RS,2023-06-16
Sr. João Gabriel da Conceição,DNQ-0D74,50,Homem,"Sítio Cardoso, 98",MACAPARANA,PE,2022-01-18
Carlos Eduardo Carvalho,SRJ-7R12,91,Homem,"Via Isabelly Rezende, 10",MESÓPOLIS,SP,2022-04-25
Murilo Martins,GYC-5R24,84,Homem,Travessa de Fernandes,SANTA TEREZINHA DE GOIÁS,GO,2021-07-19
Pedro Henrique Silveira,IOY-2P26,86,Homem,"Morro Freitas, 88",TEREZINHA,PE,2023-01-04
Theo Souza,NIH-7R31,58,Homem,"Viela Ramos, 98",BREJO DA MADRE DE DEUS,PE,2022-05-01
Nina Santos,IBM-6Q95,64,Não binário,"Passarela Ian Caldeira, 3",CRAÍBAS,AL,2021-02-15
Bruno Cardoso,JVB-2I06,34,Homem,"Aeroporto de Rocha, 10",XANXERÊ,SC,2020-08-07
Diogo Teixeira,NZR-7M45,90,Homem,"Rodovia de Azevedo, 9",SÃO FERNANDO,RN,2020-05-17
Levi Barbosa,SVR-8W60,44,Homem,"Estrada Kaique Ramos, 1",JAGUARETAMA,CE,2020-12-12
Sarah Lopes,ELH-4F66,2,Não binário,Residencial de Pinto,PORTO GRANDE,AP,2020-10-11
Arthur Castro,HBY-5B12,21,Homem,"Praça Marcelo da Mota, 247",CRUZEIRO DO SUL,RS,2020-09-10
Marina Cunha,LGS-0Y24,42,Mulher,"Trecho Henrique Almeida, 24",ALTO BOA VISTA,MT,2020-06-16
Stella Nogueira,YLY-0R73,99,Não binário,"Quadra Elisa Monteiro, 48",MACHADOS,PE,2021-01-30
Bianca Duarte,WFB-9R16,64,Mulher,"Vila Davi Luiz Ribeiro, 484",AFONSO CLÁUDIO,ES,2021-07-08
Ana Júlia Lopes,VMA-1Q75,48,Não binário,"Setor Enzo da Mata, 722",PEDRO CANÁRIO,ES,2020-06-09
Isabel Carvalho,YQN-4U90,61,Não binário,"Passarela Milena Porto, 16",JABOATÃO DOS GUARARAPES,PE,2022-08-07
Amanda Nascimento,NYN-3O43,10,Mulher,"Trevo Otávio Cunha, 428",VARJÃO DE MINAS,MG,2022-02-28
Srta. Luiza da Mata,SPU-1L74,36,Não binário,"Rodovia de Martins, 40",LAGARTO,SE,2021-09-18
Daniela Ferreira,LZT-0J01,85,Mulher,"Conjunto Lucas Gabriel Cunha, 2",ALCINÓPOLIS,MS,2021-07-14
Ana Carolina Gonçalves,TWM-2F49,82,Mulher,"Colônia Cardoso, 436",MIRA ESTRELA,SP,2023-07-01
Lívia Moura,LJE-8Z53,10,Não binário,"Trevo de Novaes, 21",NOVA IGUAÇU DE GOIÁS,GO,2020-01-13
Giovanna Correia,GGC-3K52,81,Não binário,"Vila Lima, 2",SANTANA DO GARAMBÉU,MG,2023-05-10
Juliana Campos,SOA-8W38,54,Mulher,"Vereda Vieira, 3",CATURAMA,BA,2020-02-06
Lívia Alves,ZCV-6Q98,66,Não binário,"Quadra Esther Moreira, 86",PRESIDENTE JUSCELINO,MA,2022-01-23
Yago Dias,YQP-5C55,70,Homem,"Via Nogueira, 835",GUARUJÁ DO SUL,SC,2021-05-01
Emilly Almeida,HTL-0S77,16,Não binário,"Viela Almeida, 6",SANTANA DO PIAUÍ,PI,2023-02-11
Srta. Sarah Cardoso,HPP-8N60,15,Não binário,"Favela Alice Ferreira, 73",POÇO DAS TRINCHEIRAS,AL,2021-01-16
Srta. Sarah Costela,KZX-0R31,44,Mulher,"Estação de Rezende, 480",SERINGUEIRAS,RO,2020-02-04
Bianca Souza,UHC-0A23,57,Não binário,"Condomínio Emanuella Azevedo, 67",SÃO FRANCISCO DO PARÁ,PA,2023-05-19
Danilo Sales,IJB-2L70,78,Homem,Passarela de Lima,VIRMOND,PR,2022-05-30
Alana Silva,XWP-3F99,9,Mulher,"Loteamento Pereira, 6",VENTANIA,PR,2022-11-26
Mirella Cunha,DHQ-4O03,79,Mulher,Passarela de Nascimento,Brasília,DF,2021-09-04
Giovanna Caldeira,HMI-8B03,89,Não binário,"Setor Nogueira, 7",FRANCISCO MORATO,SP,2022-11-23
Ana Sophia Sales,WQL-8X77,31,Mulher,Vereda de Sales,MAURILÂNDIA,GO,2022-07-11
Luna Moreira,BEF-1W40,87,Não binário,"Colônia Jesus, 69",LAGOA GRANDE,PE,2023-02-22
Sra. Rebeca Dias,BOS-3E80,74,Não binário,"Vale Marcela Lopes, 53",SÃO VICENTE FERRER,MA,2020-08-06
Rebeca Silveira,LMI-7M00,41,Mulher,"Sítio Maria Clara Nogueira, 68",RORAINÓPOLIS,RR,2020-07-25
Alice Nogueira,RVY-0J17,2,Mulher,"Loteamento Luiza Cardoso, 62",GRÃO PARÁ,SC,2020-12-02
Emanuelly Teixeira,SSQ-5H21,45,Não binário,"Travessa Porto, 2",FREI ROGÉRIO,SC,2021-09-17
Brenda Martins,ZZH-1J98,3,Não binário,"Recanto Carvalho, 5",FEIJÓ,AC,2023-05-17
Carolina Caldeira,NOK-9O78,8,Não binário,"Via Bianca Rezende, 91",PRESIDENTE MÉDICI,RO,2022-09-28
Clarice da Mata,RCW-4D81,60,Não binário,"Feira de Silveira, 79",FORTALEZA DO TABOCÃO,TO,2022-05-09
Natália Oliveira,EPE-0K40,98,Não binário,"Morro Nogueira, 9",ARMAÇÃO DOS BÚZIOS,RJ,2023-02-14
Dr. Kevin da Mata,AGG-7L71,65,Homem,"Rodovia de da Cruz, 51",DOM AQUINO,MT,2020-03-18
Júlia Vieira,TOB-1W66,57,Mulher,"Loteamento Gonçalves, 3",BARRA DO GARÇAS,MT,2023-01-29
Brenda Farias,TTL-0O32,67,Não binário,Loteamento de Fogaça,IGUABA GRANDE,RJ,2023-07-14
Sr. Pietro Carvalho,QNW-2O00,64,Homem,"Distrito Luiz Henrique Fernandes, 8",SANTA ROSA DE LIMA,SC,2020-01-25
Juan Jesus,KVC-1D00,4,Homem,"Campo de Martins, 667",VICENTINA,MS,2021-09-08
Alexia Sales,WDM-5U35,26,Não binário,Vale de Barbosa,PRESIDENTE FIGUEIREDO,AM,2020-01-02
Dra. Ana Laura Porto,IEY-2I44,10,Mulher,"Rua da Cunha, 336",CARNAÚBA DOS DANTAS,RN,2022-07-02
Maria Cecília Campos,OAX-9T49,71,Não binário,"Favela de Carvalho, 3",PORTO ALEGRE DO TOCANTINS,TO,2021-12-18
Otávio da Cunha,EEG-4S82,96,Homem,"Setor Francisco Azevedo, 8",SÃO FRANCISCO DE ITABAPOANA,RJ,2023-05-31
Bruna Souza,CNP-2R11,55,Não binário,"Parque de Moraes, 71",Brasília,DF,2022-11-20
Ana Júlia Novaes,TGC-9J69,75,Não binário,"Sítio Cardoso, 3",UNIÃO DA VITÓRIA,PR,2021-12-19
Lucas Gabriel Rezende,KYN-4Q29,7,Homem,"Lagoa de Fogaça, 37",ITAPORANGA D'AJUDA,SE,2020-11-21
Sabrina da Paz,PPA-7O21,46,Não binário,"Chácara Clarice Nogueira, 71",JUNCO DO SERIDÓ,PB,2020-09-09
Heitor Santos,FTH-3I02,2,Homem,"Loteamento Ana Luiza Silva, 81",CAMPO DO BRITO,SE,2021-05-09
Juliana Silva,GXE-9A24,50,Não binário,"Conjunto de da Cruz, 43",LANDRI SALES,PI,2023-03-22
Davi Lucca da Costa,FEZ-7F45,48,Homem,"Avenida Silveira, 79",PRACUÚBA,AP,2023-07-07
Maria Julia Duarte,ODW-4R92,54,Não binário,"Lago de Novaes, 6",Brasília,DF,2020-03-11
Alexia Oliveira,PLO-1Q94,73,Não binário,"Alameda Dias, 99",ANAGÉ,BA,2022-01-29
Luiz Henrique Gonçalves,IAT-3J88,42,Homem,"Praça Enrico Duarte, 503",TERRA ALTA,PA,2021-10-19
Stephany Barros,TFF-7W02,7,Não binário,"Aeroporto de Lima, 58",SÃO JOÃO,PE,2020-10-13
Mariana Mendes,YDP-5A90,90,Mulher,"Alameda Cardoso, 38",GUARATINGUETÁ,SP,2020-12-16
Laura Rocha,ISM-5T65,60,Não binário,"Parque de da Mota, 4",VILA VALÉRIO,ES,2021-03-14
André Sales,AQA-7S38,43,Homem,"Via Francisco da Costa, 4",PEDRO VELHO,RN,2021-10-01
Ana Laura Moura,XEB-9E53,63,Mulher,"Feira Pires, 397",CACAULÂNDIA,RO,2022-05-22
Emanuelly Sales,XGN-0T13,23,Não binário,Estação Ana Júlia Mendes,UMBAÚBA,SE,2022-07-22
Maria Vitória Azevedo,AWI-7A01,42,Não binário,"Residencial Gabriel Moreira, 69",UIRAMUTÃ,RR,2022-09-28
Felipe da Rocha,XVD-2Q31,79,Homem,"Travessa Pedro Miguel das Neves, 42",JOÃO LISBOA,MA,2022-05-06
Dra. Maria Cecília Araújo,LGL-1D42,9,Não binário,"Parque Ribeiro, 39",TACURU,MS,2020-09-27
Sr. Rodrigo Araújo,XBT-4K04,40,Homem,Distrito Ferreira,NOVA OLINDA DO NORTE,AM,2023-01-12
Srta. Julia Cunha,DTG-4W69,21,Não binário,Campo de das Neves,ABAIARA,CE,2020-03-21
Sra. Lara Gonçalves,ILH-7K03,77,Não binário,"Núcleo Vitor Monteiro, 65",IBOTIRAMA,BA,2020-09-26
Marcos Vinicius da Rocha,AUL-9P81,11,Homem,"Via Maria Sophia Peixoto, 341",LAJEDO DO TABOCAL,BA,2020-06-16
Kevin Pereira,MBG-8R67,76,Homem,"Lagoa de Pires, 7",NOVO ITACOLOMI,PR,2021-07-11
Laís Souza,OPK-2B44,10,Não binário,"Trevo de Ramos, 424",SÃO MIGUEL DAS MATAS,BA,2021-04-21
Dra. Ana Vitória Costela,ATE-3C59,26,Mulher,"Lago Silveira, 586",MARILÂNDIA DO SUL,PR,2021-06-22
Leonardo Monteiro,QNW-1U28,88,Homem,"Fazenda Pedro Miguel Barros, 43",MACHADINHO D'OESTE,RO,2020-07-21
Natália Monteiro,MXK-9E76,9,Mulher,"Loteamento Isabella Rocha, 14",MEDICILÂNDIA,PA,2021-08-14
Júlia Pinto,ZLQ-6T81,5,Não binário,"Distrito Joaquim Fernandes, 2",CANTÁ,RR,2021-12-08
Caroline Dias,VSR-5Z85,24,Mulher,"Conjunto Agatha Moraes, 212",CATUNDA,CE,2022-12-18
Pietro Rezende,VKV-4B11,29,Homem,"Pátio Mariane Rocha, 24",URUOCA,CE,2023-02-23
Sra. Pietra Gomes,EGC-0R64,37,Não binário,"Estação Oliveira, 31",EUGÊNIO DE CASTRO,RS,2020-08-29
Cauê Monteiro,RAF-6B76,99,Homem,"Setor Pires, 792",AQUIDAUANA,MS,2020-10-06
Ana Lívia Carvalho,IZL-4E78,71,Não binário,"Rua Barros, 536",PAULO AFONSO,BA,2023-07-10
Marcela Cardoso,IQJ-3P18,67,Mulher,"Loteamento de Fernandes, 9",CAMPO ALEGRE,AL,2020-09-29
Clara Rodrigues,RJX-5I41,42,Mulher,"Passarela Isaac Moreira, 10",SENADOR GUIOMARD,AC,2021-10-26
Joana Barbosa,XRW-0M49,98,Mulher,"Parque Leonardo da Rocha, 2",DOM INOCÊNCIO,PI,2023-04-09
Nathan Cardoso,YXS-5A88,79,Homem,"Jardim Barbosa, 46",COCALZINHO DE GOIÁS,GO,2021-11-30
Alícia Martins,EWX-5B85,4,Mulher,Viela Costa,LUCIARA,MT,2022-06-27
Esther Lima,RVN-0M02,53,Mulher,"Feira Thiago Souza, 44",OLIVENÇA,AL,2021-05-26
Ana Luiza Lima,BNS-2Z72,74,Não binário,"Colônia de Costa, 34",Brasília,DF,2022-12-06
Juliana Campos,TPT-8D65,81,Não binário,"Morro Duarte, 7",Brasília,DF,2020-11-20
Maria Eduarda Sales,OBE-2X09,20,Mulher,"Fazenda Santos, 48",CONDADO,PB,2020-08-30
Vitória Cunha,MNC-3R58,93,Não binário,Colônia de Nogueira,GURINHÉM,PB,2022-01-01
Luigi Barros,OXD-1Z47,35,Homem,"Núcleo Maria Eduarda Farias, 74",GOVERNADOR EUGÊNIO BARROS,MA,2023-07-06
Dr. Davi Luiz Moreira,KSB-6Q19,33,Homem,"Vale Ana Luiza Moreira, 10",MEDINA,MG,2022-02-07
Luna da Mota,YRZ-4M64,65,Mulher,Vereda Julia Ferreira,PILÃO ARCADO,BA,2022-01-05
Laís Castro,MXC-2L79,19,Mulher,Parque de Correia,CARIRA,SE,2020-07-07
Maria Alice Viana,QPG-8E19,67,Mulher,"Parque da Mota, 520",PORTO GRANDE,AP,2022-07-31
Bruna Monteiro,WDG-7L67,44,Não binário,Rua Lima,MANOEL URBANO,AC,2021-01-19
Enzo Gabriel Campos,AYB-0N79,88,Homem,"Campo de Ribeiro, 4",URUGUAIANA,RS,2021-02-24
Breno da Rosa,UGI-3W49,91,Homem,Conjunto Alves,IPORÃ DO OESTE,SC,2022-02-12
Eduardo da Paz,AVP-1V78,22,Homem,"Passarela Ana Sophia Campos, 874",IPAUMIRIM,CE,2022-10-23
Júlia Cardoso,DKU-1Z74,72,Mulher,"Vereda Carlos Eduardo da Mata, 23",FLORES DO PIAUÍ,PI,2022-08-29
Sr. Bruno Lopes,MVU-4V90,21,Homem,"Passarela Barros, 95",NOVO ORIENTE,CE,2020-04-03
Olivia Monteiro,ZOE-2R76,85,Não binário,"Recanto de Aragão, 837",FAROL,PR,2021-07-23
Alícia Lima,UUD-2F31,15,Mulher,"Rodovia da Mata, 952",VILHENA,RO,2023-06-06
Alana Pinto,MHB-8K72,95,Não binário,"Favela de Costa, 85",NORMANDIA,RR,2021-01-14
Diego Fogaça,BCV-8M31,43,Homem,"Praia da Rosa, 891",ALTO PARANÁ,PR,2020-04-23
Catarina Gonçalves,JGT-6M96,53,Mulher,"Avenida de Campos, 27",CANTANHEDE,MA,2023-02-27
Eduarda da Conceição,PXT-0J67,24,Mulher,"Estrada Silva, 17",BELA VISTA,MS,2020-11-27
Davi Lucca Ribeiro,ISJ-0P11,74,Homem,"Passarela de Cunha, 81",AREIA BRANCA,SE,2021-02-01
Francisco Pinto,FUW-5A89,47,Homem,"Área Pietra Fernandes, 58",Brasília,DF,2021-08-21
Clara Ribeiro,UNP-0E91,66,Mulher,"Trecho Pinto, 8",CACHOEIRAS DE MACACU,RJ,2022-09-11
Gabriela Moreira,KWL-9R41,69,Mulher,"Estrada Nascimento, 94",CAPELA,SE,2021-10-03
Raul Cardoso,JWE-5L87,17,Homem,"Residencial Evelyn da Cunha, 25",SARANDI,PR,2022-06-26
Sra. Alana Jesus,QRW-4W77,63,Não binário,"Parque Porto, 49",ESPIGÃO D'OESTE,RO,2021-06-18
Leandro Pereira,FRZ-5J50,46,Homem,"Viaduto Araújo, 98",ITAGUAJÉ,PR,2020-07-24
Maria Fernanda Vieira,LIO-0Y61,85,Não binário,"Vale de Caldeira, 807",VILA NOVA DO SUL,RS,2022-05-30
Bianca Silva,MHH-4A51,15,Não binário,Largo Porto,FREI MARTINHO,PB,2020-06-01
Srta. Isabelly da Luz,DTM-3Z17,78,Mulher,"Favela Jesus, 20",SÃO DOMINGOS DO ARAGUAIA,PA,2023-01-20
Ana Laura Silva,WZQ-5V55,72,Não binário,"Lagoa de Barbosa, 605",TERRA NOVA DO NORTE,MT,2022-02-17
Anthony Santos,JXL-7G82,61,Homem,"Loteamento da Mata, 69",SÃO FRANCISCO,PB,2023-04-21
Srta. Stephany Barros,EOV-2W36,60,Não binário,"Estação Dias, 33",BURITI DO TOCANTINS,TO,2022-09-06
Mariane da Mata,GWB-0P05,45,Não binário,Conjunto de Pereira,SANTA MÔNICA,PR,2020-06-28
Esther Oliveira,GXE-0I20,5,Não binário,"Rodovia Emanuella da Cruz, 60",CAMPANÁRIO,MG,2021-08-18
Dra. Pietra da Costa,NLE-8C78,28,Não binário,"Passarela Evelyn Ferreira, 25",SANTA LÚCIA,SP,2020-06-09
Isabelly Mendes,GOF-8J63,92,Mulher,"Conjunto Vitória Monteiro, 49",BELÁGUA,MA,2020-11-23
Sofia Nascimento,HSQ-0V81,57,Não binário,"Sítio Silveira, 8",VILA BOA,GO,2022-02-04
Gabriela Lima,VRY-6K27,73,Não binário,"Parque Gonçalves, 74",MANOEL URBANO,AC,2022-05-11
Thales Nunes,ACX-8K58,1,Homem,"Distrito Luiz Fernando Gomes, 402",MONTE SANTO DO TOCANTINS,TO,2021-04-07
Ana Vitória Vieira,CQV-2I43,71,Não binário,Sítio Jesus,GRANITO,PE,2020-10-21
Ana Luiza Pereira,VWC-2P09,27,Não binário,"Viaduto Luiz Miguel das Neves, 809",ITAPIRANGA,AM,2021-05-08
Rafaela Correia,DKM-9J44,47,Mulher,"Área Novaes, 60",ALTAMIRA DO MARANHÃO,MA,2021-12-09
Olivia Duarte,AMJ-2W31,59,Mulher,"Trecho Silveira, 14",PICUÍ,PB,2020-08-18
Julia Gonçalves,ACX-9M31,70,Não binário,"Praça Isaac Costela, 51",CANTÁ,RR,2023-05-05
Arthur Costa,JHC-7E57,79,Homem,Estrada Kaique Gonçalves,IPIXUNA,AM,2022-06-25
Srta. Bárbara Lopes,UWC-1U16,35,Mulher,"Distrito de Mendes, 95",FEIJÓ,AC,2022-05-21
Evelyn Sales,IXY-8O55,17,Mulher,"Lago Alice Costela, 10",VARGEM ALTA,ES,2023-04-29
Mirella Nascimento,XZP-1C77,24,Mulher,Rua das Neves,SANTA QUITÉRIA,CE,2020-09-13
Marina da Mota,ZTX-6F06,21,Não binário,"Residencial de Vieira, 36",QUIXABEIRA,BA,2021-12-14
Stella Rezende,NHO-4X76,40,Não binário,"Favela Clarice Santos, 99",SÃO JOÃO DA MATA,MG,2023-05-10
Evelyn Mendes,GKA-7K87,86,Não binário,"Lagoa Moraes, 526",CONCEIÇÃO DE IPANEMA,MG,2020-05-17
Srta. Alana Araújo,ABF-3K41,95,Não binário,"Pátio Ferreira, 930",ITAINÓPOLIS,PI,2022-04-15
Miguel Gonçalves,PUT-4W86,14,Homem,"Avenida Moreira, 357",BOM JESUS DO OESTE,SC,2020-10-05
Ryan Monteiro,ZUY-0X76,40,Homem,"Loteamento Manuela Peixoto, 2",CALUMBI,PE,2023-05-27
Ana Vitória Melo,OKT-4O09,31,Não binário,"Estação Moreira, 85",NOVA PRATA,RS,2021-04-12
Sophie Rodrigues,RZC-9I56,93,Mulher,"Conjunto de Campos, 46",LAGOA DO TOCANTINS,TO,2020-05-11
Luiz Otávio Castro,XEG-3W97,89,Homem,"Favela Catarina Porto, 479",IGUABA GRANDE,RJ,2020-03-22
Rebeca Araújo,ERB-1P78,18,Mulher,"Viaduto Cunha, 95",SERRA GRANDE,PB,2022-08-15
Larissa Farias,IFF-7F91,78,Não binário,Trevo Rocha,AMPARO DE SÃO FRANCISCO,SE,2020-09-27
Maria Clara da Mota,ULH-1H46,74,Não binário,"Área Correia, 68",CAAPIRANGA,AM,2022-10-14
Lívia Ferreira,DCH-4Q87,19,Não binário,"Lago Amanda Azevedo, 86",JAPOATÃ,SE,2020-08-01
Dra. Maria Clara Cardoso,CCH-9J01,97,Não binário,"Viaduto de Jesus, 449",PARANATINGA,MT,2020-02-06
Breno Correia,QUJ-1O82,47,Homem,"Vereda Nascimento, 84",RORAINÓPOLIS,RR,2021-03-22
Luigi Barbosa,LXG-0K70,61,Homem,"Praia de da Rosa, 60",SÃO JOÃO DO SUL,SC,2020-08-31
Sr. Yuri Melo,CUL-9W21,96,Homem,Jardim Sophia da Conceição,GOIÁS,GO,2022-03-05
Amanda Novaes,JVT-8F28,8,Não binário,"Estrada de Aragão, 797",PIMENTA BUENO,RO,2023-04-01
Dr. Luigi da Mata,JLH-3E22,19,Homem,"Trevo Pires, 35",BARREIRAS,BA,2020-10-22
Sr. Enrico Cardoso,ROF-1Y40,25,Homem,"Área Sales, 998",NOVA BRASILÂNDIA D'OESTE,RO,2020-08-16
Dr. Antônio Novaes,KSO-6O12,2,Homem,"Favela Larissa Farias, 11",ITÁPOLIS,SP,2020-03-03
Maria Julia Rodrigues,JWK-8R97,60,Não binário,"Rodovia de da Rosa, 28",Brasília,DF,2023-06-16
Dra. Sophie Pinto,USB-8U83,47,Mulher,"Vale Maria Fernanda Cunha, 30",AMAJARI,RR,2022-07-06
Diego da Costa,MXL-2C68,74,Homem,"Lago de Moreira, 3",ROSÁRIO DO CATETE,SE,2021-07-14
Davi Lucca Lima,SEJ-6X56,3,Homem,"Largo Rezende, 1",ITARANA,ES,2023-02-05
Catarina Rezende,WJX-6E32,36,Mulher,"Passarela Lorena Freitas, 282",MAJOR SALES,RN,2022-05-02
Isabella Mendes,PGG-2E50,15,Mulher,"Esplanada Lavínia Martins, 26",ASSIS BRASIL,AC,2020-04-21
Alícia da Rosa,JHE-2X54,64,Mulher,"Vila de Souza, 67",SÃO JOSÉ DA LAJE,AL,2020-07-06
Olivia da Rosa,SBX-7D88,73,Não binário,"Lagoa da Mata, 56",Brasília,DF,2022-12-25
Nicole da Conceição,VWT-3D14,3,Não binário,"Ladeira Ribeiro, 67",BOM JARDIM DA SERRA,SC,2022-09-27
Mariana Teixeira,XON-4Y54,11,Não binário,"Esplanada Rodrigues, 73",CACAULÂNDIA,RO,2023-07-05
Larissa Farias,ZXM-0B54,20,Mulher,"Área Vitor Ferreira, 728",ESTÂNCIA,SE,2021-05-04
Levi Correia,MEO-1R73,2,Homem,"Pátio Rodrigues, 94",PEDRA BRANCA DO AMAPARI,AP,2023-01-09
Davi Luiz Gonçalves,WPE-6S57,99,Homem,"Travessa Juan Nunes, 38",SÃO JOÃO DO CAIUÁ,PR,2023-05-04
Sr. Benício Mendes,VHP-8M22,23,Homem,"Sítio Renan Martins, 6",CARNAÚBA DOS DANTAS,RN,2022-06-06
Bryan Silva,KQB-6A23,51,Homem,"Aeroporto de Viana, 55",PARAÍSO DO TOCANTINS,TO,2023-02-17
Davi Lucca da Paz,EEY-8R09,95,Homem,"Condomínio Pinto, 69",ÁGUAS LINDAS DE GOIÁS,GO,2023-05-03
Milena Nogueira,KUD-2Z39,88,Mulher,"Recanto Isabelly da Paz, 29",NORMANDIA,RR,2020-12-11
Yago Ramos,CRN-2A70,11,Homem,"Viela Sophia Fogaça, 34",BURITI,MA,2022-07-06
Helena Vieira,EJY-3X18,2,Não binário,"Colônia Costa, 44",SÃO JOSÉ DE ESPINHARAS,PB,2022-03-14
Sr. Heitor Pinto,NYS-7E74,100,Homem,"Aeroporto Nogueira, 73",BOM JESUS,RN,2022-03-19
Maria Cavalcanti,QUX-7J90,97,Não binário,"Rodovia de Melo, 60",APUÍ,AM,2021-01-21
Manuela Cardoso,BSK-2J49,86,Não binário,"Fazenda Giovanna Cavalcanti, 40",CAMPOS SALES,CE,2020-08-31
Dra. Rebeca Moreira,BNR-8B59,53,Mulher,"Estrada Alana Silveira, 4",ACARAÚ,CE,2023-02-27
Maria Alice Souza,TPS-5E79,64,Não binário,"Trecho Gabriela Costa, 76",CRISTAL,RS,2023-01-22
Sra. Larissa Cavalcanti,TTT-3Z52,33,Não binário,"Alameda Azevedo, 45",ARAGUAIANA,MT,2022-03-02
Gabrielly Dias,AMJ-9W85,57,Não binário,"Parque Rezende, 62",PALESTINA,AL,2020-10-21
Levi Oliveira,TIE-8T40,48,Homem,"Residencial Arthur Teixeira, 71",NOVA IPIXUNA,PA,2021-04-11
Clarice Costa,OYO-1B19,44,Mulher,"Lagoa de Castro, 4",Brasília,DF,2022-01-19
Beatriz Correia,BDK-6L91,6,Não binário,Jardim de da Conceição,VICENTINA,MS,2022-10-26
Ana Carolina Correia,DYQ-1V43,100,Mulher,"Loteamento de da Mota, 595",JOÃO ALFREDO,PE,2020-04-13
Sofia Aragão,WEQ-7Y65,57,Mulher,"Estação de Pires, 61",CUITÉ DE MAMANGUAPE,PB,2022-02-04
Francisco Souza,ZHZ-9V84,85,Homem,"Feira Natália da Cunha, 75",BELA VISTA DE MINAS,MG,2022-12-14
Maria Luiza Oliveira,ZQR-5H40,36,Mulher,"Praça da Paz, 5",INDAIAL,SC,2021-02-18
Marina Ferreira,LOD-9K56,82,Mulher,Vila Sophie Ramos,PEIXE,TO,2021-06-04
Sofia da Rocha,MUJ-3S03,41,Não binário,"Jardim Fernandes, 74",CARAPEBUS,RJ,2020-02-11
Eduarda Barbosa,XUT-1D96,15,Mulher,"Área de Silva, 22",SANTO ANTÔNIO,RN,2022-04-28
Ana Sophia Pinto,LVE-6W61,40,Não binário,Morro Barros,CAMPO BOM,RS,2020-06-21
Srta. Clarice da Cunha,GDN-3J46,52,Mulher,"Residencial de Almeida, 16",ARACATI,CE,2021-02-11
Emanuella Santos,ECF-1T96,16,Não binário,"Vila Pedro Henrique Barbosa, 315",BARCELONA,RN,2022-07-03
Kevin Gomes,ESF-4U37,88,Homem,"Residencial Barbosa, 376",OSCAR BRESSANE,SP,2023-01-26
Eloah da Luz,DIO-3G86,28,Não binário,"Residencial Maria Vitória da Mata, 423",JACOBINA DO PIAUÍ,PI,2020-05-29
Stella Pires,TMP-7T05,24,Mulher,"Aeroporto Cardoso, 2",MACHADINHO D'OESTE,RO,2020-04-09
João Miguel Ramos,TRB-0Y41,60,Homem,"Distrito Bianca Oliveira, 477",BARÃO DO TRIUNFO,RS,2023-04-07
Fernanda Costa,GUU-2W75,58,Mulher,"Alameda de Monteiro, 950",APUIARÉS,CE,2021-10-24
João Felipe Barros,BVG-4U82,85,Homem,"Trevo de Almeida, 29",PIRIPIRI,PI,2023-05-28
Bianca Fernandes,OAO-0K49,14,Mulher,"Setor Teixeira, 28",CRISTIANÓPOLIS,GO,2023-03-06
Cecília Sales,POY-0V74,17,Não binário,"Passarela Alves, 6",TERESÓPOLIS,RJ,2023-02-22
Camila Duarte,NBC-4G39,55,Mulher,"Trevo Daniela Souza, 222",EPITACIOLÂNDIA,AC,2023-05-22
Maria Clara Moura,VIR-7J12,53,Mulher,"Parque de Rodrigues, 45",CARMO,RJ,2020-09-18
Stella Pires,RDP-0S37,14,Mulher,"Conjunto Souza, 57",SÃO SEBASTIÃO DA BOA VISTA,PA,2021-01-30
Brenda Porto,TWY-8Q75,14,Não binário,Área de Ribeiro,CRISSIUMAL,RS,2022-06-07
Alexia Duarte,NYK-4C82,73,Mulher,"Lago Silveira, 7",BARRA DO PIRAÍ,RJ,2020-09-25
Yasmin Barbosa,POI-4M31,42,Mulher,"Esplanada de Pinto, 2",PAES LANDIM,PI,2022-08-21
Letícia Lima,FJX-8Q48,27,Mulher,"Viaduto Ana Laura Silva, 12",CARAMBEÍ,PR,2022-10-19
Gabrielly Lima,OXE-2Y67,58,Não binário,"Jardim Helena Porto, 61",QUEIMADA NOVA,PI,2023-04-04
Levi Peixoto,VKV-8B42,88,Homem,"Área Julia Dias, 476",MONTE ALEGRE DE SERGIPE,SE,2022-07-03
Giovanna Gonçalves,PGK-3W95,16,Não binário,"Residencial Vicente Aragão, 4",TURVÂNIA,GO,2020-06-28
Emilly Ramos,SCC-4Q70,6,Não binário,"Avenida de Caldeira, 14",PEDRA BRANCA DO AMAPARI,AP,2022-09-05
Carolina das Neves,QCD-0H73,53,Não binário,"Aeroporto Noah Dias, 9",PLANALTO ALEGRE,SC,2022-04-20
Lucas Gabriel Silveira,LPM-9G23,28,Homem,"Praia Brenda Costa, 61",BUENÓPOLIS,MG,2020-10-24
Dra. Lívia Pires,XKT-2V83,50,Não binário,"Residencial Silveira, 10",MORPARÁ,BA,2022-01-19
Catarina Aragão,HIV-5Q84,19,Mulher,"Estrada Moura, 94",SALGADO DE SÃO FÉLIX,PB,2020-11-30
Marcela da Paz,JZN-4A33,14,Não binário,"Residencial Carlos Eduardo Ribeiro, 251",CATUÍPE,RS,2020-03-06
Kevin Almeida,ZMX-0V49,82,Homem,"Trevo Moura, 5",PETRÓPOLIS,RJ,2022-01-28
Sra. Sophia Melo,QVC-0V73,4,Não binário,Alameda da Mata,IRITUIA,PA,2022-03-26
Sra. Maria Vitória Lopes,QSN-6X70,84,Não binário,"Rodovia de Teixeira, 32",UBIRETAMA,RS,2020-09-05
Larissa da Rocha,IFE-8J29,98,Mulher,"Rua de Barros, 180",SÃO VICENTE,SP,2022-03-07
Vicente Freitas,IUG-2C70,24,Homem,"Avenida Campos, 63",GOIÁS,GO,2023-03-05
Yasmin da Mata,UQU-3H35,66,Não binário,"Campo Laís Viana, 14",NIOAQUE,MS,2020-08-14
Marcelo Azevedo,DZI-0X55,46,Homem,"Trevo Freitas, 5",CARLÓPOLIS,PR,2020-10-10
Marcela Cavalcanti,UOM-0N32,94,Mulher,"Alameda Jesus, 13",Brasília,DF,2022-05-29
Vinicius Freitas,NAM-0M61,43,Homem,"Trecho de Silveira, 12",SÃO LUIZ,RR,2020-07-16
Sra. Beatriz da Luz,ZVY-2C13,99,Não binário,Pátio Gonçalves,CRISTINÁPOLIS,SE,2021-10-14
Natália da Mota,UVV-8S60,76,Não binário,Estrada Ribeiro,MARECHAL THAUMATURGO,AC,2021-09-10
Dra. Kamilly Cardoso,ONF-6A67,49,Não binário,"Loteamento Rocha, 145",SANTANA,AP,2023-06-09
Sophie Pinto,QTF-1H81,92,Mulher,"Ladeira Sophia Farias, 89",APUÍ,AM,2023-02-28
Vitória Nogueira,KCY-7N86,73,Mulher,"Residencial de Pereira, 588",NOVA BRASILÂNDIA D'OESTE,RO,2021-07-18
Dra. Laís Pinto,GNW-0C50,72,Não binário,"Favela Erick Silveira, 86",NHAMUNDÁ,AM,2022-09-05
Pedro Lucas Pires,IFP-6R87,43,Homem,"Rodovia Carvalho, 3",OIAPOQUE,AP,2020-04-21
Maria Clara Farias,YRH-5I17,76,Não binário,"Jardim Moura, 660",PARANAGUÁ,PR,2022-08-19
Matheus da Rosa,JCS-1Q24,35,Homem,"Núcleo de Oliveira, 615",NOSSA SENHORA DE NAZARÉ,PI,2021-07-06
Srta. Alana Freitas,HSI-2J70,11,Mulher,"Avenida de Campos, 2",Brasília,DF,2022-04-10
Beatriz Farias,CMG-8F47,32,Mulher,"Estrada de Monteiro, 32",SANTA CARMEM,MT,2022-06-24
Laura Cavalcanti,RVG-9W17,37,Não binário,"Recanto Cecília Rezende, 16",NOVA IGUAÇU,RJ,2020-12-18
Isadora Rodrigues,FQL-2H57,14,Não binário,"Estação Souza, 190",MATA VERDE,MG,2021-12-20
Letícia Pires,ARM-1X71,64,Mulher,Núcleo de Dias,ÁGUA BRANCA,PB,2020-05-05
Eduardo da Mata,SKE-2A00,93,Homem,"Favela Luiz Henrique Pinto, 831",PARELHAS,RN,2021-02-01
Emanuel Nunes,TJR-5I40,40,Homem,Sítio Rezende,SALESÓPOLIS,SP,2023-06-16
Emanuella Fernandes,DLN-5V88,93,Mulher,"Chácara de Moura, 47",AMATURÁ,AM,2021-10-23
Sra. Lavínia da Rocha,ORK-4T06,92,Não binário,"Parque Fernandes, 8",XAPURI,AC,2023-07-06
Elisa da Conceição,SSK-7B62,8,Não binário,"Colônia de das Neves, 95",CRUZ DAS ALMAS,BA,2022-03-24
Luana Fogaça,QMW-7M97,21,Não binário,"Ladeira de da Mota, 182",ARACAJU,SE,2021-10-10
Isabella Almeida,XWH-0B13,53,Mulher,"Jardim de Viana, 60",ARAMBARÉ,RS,2020-06-01
Rebeca das Neves,ARE-0E25,95,Não binário,"Setor de Ramos, 35",BRASILÂNDIA DO SUL,PR,2022-02-02
Rafael Gonçalves,NOQ-5Y09,45,Homem,"Feira de Farias, 63",JARAGUARI,MS,2021-02-05
Brenda Moraes,BGH-7X93,67,Não binário,"Estação Olivia Nunes, 50",ALMEIRIM,PA,2021-11-12
Beatriz Almeida,QND-6K94,11,Mulher,"Sítio Pereira, 839",VERDELÂNDIA,MG,2023-03-07
Dra. Brenda da Mota,WMK-9Q44,83,Não binário,"Alameda de Fernandes, 54",IBATEGUARA,AL,2020-05-23
Srta. Lavínia Carvalho,ALT-3Q21,83,Mulher,"Avenida de Barros, 83",PERITORÓ,MA,2023-02-07
Luigi Moura,VLD-9N33,50,Homem,Avenida Carvalho,SÃO JOAQUIM,SC,2020-04-16
Sr. Davi Lucas Pinto,IXN-8E92,31,Homem,"Ladeira de Rodrigues, 888",ELDORADO,MS,2020-04-06
Luiz Henrique da Paz,JND-7W05,49,Homem,"Conjunto da Luz, 709",SANDOLÂNDIA,TO,2022-02-15
Vitor Hugo Oliveira,STO-7M50,7,Homem,"Pátio de Costela, 77",COLOMBO,PR,2023-04-28
Nicole Dias,GXK-4U73,20,Não binário,"Rua João Pedro Cavalcanti, 724",SÃO MATEUS,ES,2022-08-31
Enzo Gabriel Araújo,OHK-3B70,84,Homem,"Vila Bruna Nascimento, 9",MERUOCA,CE,2020-10-25
Pedro Henrique Fogaça,XFP-6G12,42,Homem,"Fazenda Melo, 420",ROTEIRO,AL,2020-08-14
Alice Alves,VOG-4E63,30,Não binário,"Chácara de Novaes, 57",SERITINGA,MG,2021-05-12
Dra. Juliana Nascimento,JPP-2G07,90,Mulher,Aeroporto Araújo,RODRIGUES ALVES,AC,2020-10-16
Sr. Luiz Miguel Moura,JSD-1W02,6,Homem,"Loteamento Larissa Monteiro, 625",SÃO JOÃO DE PIRABAS,PA,2022-04-23
Cauê das Neves,ERC-3Q92,94,Homem,"Morro de Vieira, 5",SAGRADA FAMÍLIA,RS,2022-02-02
Gustavo Henrique Sales,RGK-3N74,83,Homem,"Loteamento Ribeiro, 67",CAPITÃO POÇO,PA,2021-07-14
Sophie Aragão,PNE-0M33,25,Não binário,"Aeroporto Martins, 6",PINTADAS,BA,2022-09-07
Nicolas Costela,ERI-8F94,21,Homem,Avenida de Fernandes,FUNDÃO,ES,2021-04-25
Maria Eduarda Oliveira,MFX-0O46,82,Não binário,"Favela Vicente Ribeiro, 84",BENEVIDES,PA,2022-06-02
Sofia Novaes,YZP-6S69,90,Mulher,"Quadra de Fogaça, 7",SÃO BENEDITO,CE,2020-03-04
Pietra da Rocha,PUU-5L60,64,Não binário,"Conjunto de Nascimento, 91",TACURU,MS,2020-02-19
Heloísa Ribeiro,UXA-4B35,31,Não binário,"Praça Cardoso, 20",SENADOR MODESTINO GONÇALVES,MG,2020-04-09
Milena Rezende,DVH-7Q73,7,Não binário,"Condomínio de Rodrigues, 97",FRECHEIRINHA,CE,2022-01-28
Ana Sophia Moura,TSX-6Z51,13,Não binário,"Vila de Lima, 96",PEDRA BRANCA DO AMAPARI,AP,2023-06-01
Joana Moura,SZT-1C17,29,Mulher,"Viaduto Danilo Silveira, 3",CAMPO NOVO DE RONDÔNIA,RO,2020-04-09
Maria Sophia Gomes,IBW-8N97,30,Não binário,"Via Ribeiro, 5",CAROEBE,RR,2020-03-25
Camila Lima,WQV-0R01,37,Mulher,"Residencial da Mota, 60",MACAU,RN,2023-03-16
Enzo Gabriel Jesus,CMO-2V37,40,Homem,"Praia Fogaça, 7",SÃO LUIZ,RR,2022-05-27
Dra. Caroline Monteiro,APN-7E20,88,Não binário,"Fazenda de da Mota, 31",BELA VISTA DO PIAUÍ,PI,2021-10-29
João Miguel Correia,JWP-8C24,89,Homem,"Parque Ana Júlia Mendes, 189",PAULISTA,PB,2023-06-28
Rafael Fernandes,NXL-0K78,49,Homem,"Lagoa Lima, 40",COTEGIPE,BA,2022-04-11
Emanuella Pinto,FWU-6R84,64,Não binário,"Estrada da Rocha, 98",CANARANA,MT,2020-01-24
Dr. Igor Azevedo,ZXB-6T96,44,Homem,Condomínio Melo,NORMANDIA,RR,2021-02-01
Carolina Cunha,KVE-4K24,78,Mulher,Alameda de Costela,FLORIANÓPOLIS,SC,2023-04-14
Luiz Felipe Ferreira,ODT-8P18,99,Homem,"Estação Araújo, 21",CUTIAS,AP,2023-01-09
Vinicius da Costa,MEO-7Q37,49,Homem,"Fazenda Silva, 60",ALTAMIRA,PA,2022-03-10
Heitor Fernandes,ZEE-5X44,76,Homem,"Sítio Castro, 88",WESTFALIA,RS,2022-10-09
Laís Silveira,MBO-0P60,84,Não binário,"Trecho Costa, 141",SÃO MIGUEL,RN,2021-06-16
Luiz Miguel Moreira,YND-8X54,72,Homem,"Rodovia Costa, 28",DOMINGOS MOURÃO,PI,2020-01-12
Vitor Melo,ZJN-5V28,5,Homem,Distrito Eduarda Vieira,SERRA NOVA DOURADA,MT,2021-01-10
Srta. Joana da Costa,YUT-9E22,38,Não binário,"Alameda Kamilly Pinto, 66",MACHADINHO D'OESTE,RO,2023-02-22
Dr. Henrique Costa,LCB-2U83,81,Homem,"Chácara de Campos, 743",CORDEIRO,RJ,2022-03-11
Lavínia Viana,KCG-3L45,86,Não binário,"Viela Heitor da Paz, 27",PALMEIRINA,PE,2021-12-09
Lavínia Costa,UEQ-7N70,83,Não binário,Lago Clara Caldeira,CAMPO REDONDO,RN,2021-06-15
Ana Júlia Fogaça,XYA-9Q89,76,Mulher,"Lago de Aragão, 876",ESPIGÃO D'OESTE,RO,2023-07-01
Sr. Gustavo Santos,LYT-0T07,41,Homem,Trecho de Cavalcanti,CASTELO,ES,2022-05-19
João Miguel Ramos,SCY-2T39,26,Homem,"Jardim Daniel Pires, 12",ACRELÂNDIA,AC,2021-06-06
Sr. João Lucas da Paz,LHJ-3B84,65,Homem,"Aeroporto João Guilherme Santos, 925",CHOPINZINHO,PR,2020-02-14
Bruna Moraes,AOR-6B80,59,Não binário,"Conjunto Gonçalves, 3",CAPUTIRA,MG,2023-01-19
Luna da Cruz,SXZ-7W32,49,Mulher,"Travessa Luna Santos, 73",CONCEIÇÃO DAS ALAGOAS,MG,2021-11-10
Luiz Henrique Aragão,ZFB-7N65,3,Homem,"Estrada de Costa, 407",RODOLFO FERNANDES,RN,2020-07-06
Dr. Ryan Viana,KPY-4L28,50,Homem,"Trecho Porto, 645",GUAJARÁ-MIRIM,RO,2020-06-22
Sr. Augusto Vieira,ARN-0Y06,41,Homem,Recanto Caroline das Neves,AREIAL,PB,2021-08-23
Gabriela Martins,NQA-6Y72,40,Não binário,"Alameda de Freitas, 48",DOIS IRMÃOS DO TOCANTINS,TO,2020-01-09
Ana Vitória Ramos,LSJ-2K58,81,Mulher,"Morro de Monteiro, 664",MOEMA,MG,2022-03-17
Ian Caldeira,BOY-1G97,55,Homem,"Área Marcelo Lopes, 42",CONQUISTA D'OESTE,MT,2022-11-17
Luana Cardoso,TXT-6W82,89,Mulher,"Sítio Ana Beatriz Nogueira, 3",QUITANDINHA,PR,2020-04-05
Maria Sophia Castro,WBL-6E36,2,Mulher,"Favela de Oliveira, 66",POÇO DE JOSÉ DE MOURA,PB,2020-12-01
Danilo Oliveira,WHH-2Q03,57,Homem,"Praia de Sales, 65",MORRINHOS,CE,2021-08-18
Esther da Rosa,TXQ-9H53,58,Mulher,"Sítio Monteiro, 90",TERENOS,MS,2021-05-14
Srta. Isabelly da Mota,VEF-1Y26,63,Mulher,Loteamento João Lucas da Conceição,GUARIBAS,PI,2023-05-15
Heloísa Pereira,EHZ-9N85,23,Não binário,"Campo Sofia Moura, 26",INHUMAS,GO,2020-10-30
Maria Julia Fogaça,UUV-8F58,3,Mulher,"Área Diogo Ramos, 4",BUJARI,AC,2021-01-19
Nicole Novaes,WTI-9P68,85,Não binário,"Área Luna Costa, 680",PEIXE-BOI,PA,2023-04-12
Dra. Amanda Moura,MRP-8D83,58,Mulher,"Pátio de Lima, 92",NOVA CASTILHO,SP,2022-04-11
Dr. Diego Rezende,LCL-9L09,3,Homem,"Lagoa Luiz Fernando Jesus, 89",FLORIANÓPOLIS,SC,2021-02-27
Sophie Peixoto,DUW-0T85,66,Mulher,Morro Santos,MORRO AGUDO DE GOIÁS,GO,2022-01-19
Sr. Fernando Duarte,NLW-9Y25,48,Homem,"Alameda Pereira, 150",ACRELÂNDIA,AC,2021-09-20
Emilly Santos,GBT-4Q41,85,Não binário,"Setor Pires, 6",PALMÓPOLIS,MG,2022-08-07
Lucas Gabriel Nascimento,UXP-7D88,74,Homem,"Parque Calebe da Conceição, 30",CASCAVEL,CE,2022-12-26
Natália Martins,UNU-1M65,67,Mulher,"Pátio João Miguel Nunes, 702",MARAVILHA,AL,2022-10-11
Lorena Pinto,HUO-9T69,48,Mulher,"Vila Maria Vitória Lopes, 53",GARRAFÃO DO NORTE,PA,2021-05-25
Stephany Peixoto,OGV-1A52,74,Mulher,"Pátio de Pinto, 35",FIGUEIRÓPOLIS D'OESTE,MT,2021-01-25
Eduarda Ribeiro,FCG-2M21,74,Não binário,"Fazenda de Almeida, 7",ITAUBAL,AP,2021-03-24
Júlia da Conceição,OXP-1Y42,31,Não binário,Morro Rafaela Fogaça,SANTA TERESA,ES,2023-04-05
Maysa Araújo,NRY-6S32,36,Não binário,"Feira de da Rosa, 54",SANTO AMARO DAS BROTAS,SE,2022-12-28
Maria Alice Vieira,FQN-7Q65,74,Mulher,"Ladeira de Rocha, 74",PLÁCIDO DE CASTRO,AC,2020-09-25
Ana Carolina Sales,JFK-7G77,92,Não binário,"Passarela Maria Fernanda Viana, 4",Brasília,DF,2022-07-13
Valentina Carvalho,HDX-0S89,67,Não binário,"Via Jesus, 32",IATI,PE,2021-11-12
Ana Julia Gonçalves,YNN-7G23,70,Não binário,"Área Vicente Souza, 12",MONTENEGRO,RS,2021-11-13
Dra. Luiza Farias,IBL-4H25,47,Não binário,"Estação Moreira, 41",VALPARAÍSO,SP,2022-10-22
Sr. Benício Farias,IKH-2A26,2,Homem,"Viela de Azevedo, 1",MACIEIRA,SC,2021-03-27
Raquel Gonçalves,TKT-8J02,48,Mulher,"Estação Rafael Sales, 72",LUNARDELLI,PR,2020-04-19
Yasmin Azevedo,OOK-2V77,15,Não binário,"Favela Raul Campos, 94",UIRAMUTÃ,RR,2022-06-07
Emanuelly Campos,OWN-0G56,15,Não binário,"Chácara Alana Campos, 4",QUEBRANGULO,AL,2023-03-25
Marcela Jesus,MBG-2Y01,59,Mulher,Distrito de Campos,FARROUPILHA,RS,2022-11-18
Enzo Duarte,DSJ-6J50,13,Homem,"Vale da Mata, 4",PILÃO ARCADO,BA,2022-02-03
Sophia Correia,TEW-6S78,20,Mulher,"Trevo de Nascimento, 31",CALUMBI,PE,2023-02-11
Eloah Costela,XZC-3C13,0,Não binário,"Sítio de Nogueira, 68",ALTO BOA VISTA,MT,2021-05-27
Giovanna Porto,CHD-3N22,71,Mulher,"Pátio de Alves, 69",BOQUEIRÃO DO LEÃO,RS,2022-12-17
Nina Silveira,PQT-9H50,45,Mulher,"Setor de Castro, 2",SANTA LUZIA D'OESTE,RO,2021-12-24
Ana Carolina da Rosa,YLS-7O84,97,Não binário,"Sítio Azevedo, 75",MARINGÁ,PR,2022-10-26
Heloísa Correia,ZVL-2R55,54,Não binário,"Estação Davi Lucas Nascimento, 30",SANTA MARIA DO OESTE,PR,2020-09-04
Davi Lucas Gonçalves,GWL-0G65,64,Homem,"Feira de Correia, 3",SENA MADUREIRA,AC,2020-09-15
Dra. Emilly Sales,UWC-0Q25,16,Não binário,"Recanto Ryan da Costa, 90",PRESIDENTE DUTRA,BA,2020-02-13
Raul Dias,ZTT-6N29,8,Homem,"Colônia de Pinto, 96",PLANALTINA,GO,2020-11-07
Mirella Pinto,FCJ-8R84,34,Não binário,Viaduto de Rezende,MARIANÓPOLIS DO TOCANTINS,TO,2022-09-29
Elisa Barros,SPR-6B42,27,Não binário,"Feira Martins, 79",ITAPERUNA,RJ,2020-10-27
Sophia Cardoso,WBK-6B70,87,Não binário,"Estação Freitas, 2",SACRAMENTO,MG,2020-05-03
Lorena Gomes,DVL-2X53,3,Não binário,"Pátio Elisa Farias, 10",MEDEIROS NETO,BA,2021-06-07
Luna Viana,XWB-2Q18,76,Mulher,"Lago João Costela, 888",SANTA ISABEL DO RIO NEGRO,AM,2020-11-30
Maria Alice Alves,HPU-4U77,58,Mulher,Parque de Moreira,SÃO FÉLIX DO XINGU,PA,2023-07-15
Dra. Emanuelly Gomes,FSJ-6Y84,50,Não binário,"Área de Moraes, 15",TRÊS LAGOAS,MS,2022-07-07
Diogo Cardoso,VXN-3J48,25,Homem,"Viela Luiz Gustavo Nascimento, 4",COMENDADOR LEVY GASPARIAN,RJ,2022-06-13
Sr. Luiz Fernando Fogaça,DXJ-5R18,4,Homem,"Vila Isabella Moraes, 96",CRAÍBAS,AL,2020-03-15
Sr. João Guilherme Correia,KSF-1J01,65,Homem,"Lagoa Emanuella Castro, 7",SÃO FRANCISCO DE ITABAPOANA,RJ,2022-03-01
Evelyn Porto,EOY-5R05,63,Não binário,"Vale Alícia Monteiro, 60",TAPURAH,MT,2020-09-12
Emanuelly Cardoso,GIM-0Y51,45,Mulher,Vale de Moraes,GAÚCHA DO NORTE,MT,2021-08-03
Kaique Fernandes,XTS-3F38,35,Homem,"Lago de da Paz, 5",LUCIARA,MT,2020-04-08
Thales da Cruz,SVE-3B06,64,Homem,"Loteamento de Pires, 79",ACARAÚ,CE,2021-05-14
Ana Lívia Barbosa,FYY-0I40,35,Não binário,"Conjunto Vieira, 273",ITAGUAÇU,ES,2020-06-18
Amanda Costela,XFD-5Q74,87,Mulher,"Feira Moraes, 68",NORMANDIA,RR,2022-10-20
Ana Julia Mendes,MHL-2L05,58,Mulher,"Viela de Sales, 94",TABOLEIRO GRANDE,RN,2020-12-29
Srta. Sophia Barros,XAD-0D44,32,Não binário,"Parque Azevedo, 81",NOVA BANDEIRANTES,MT,2023-05-27
Fernando Nascimento,FJN-3J43,55,Homem,"Lago de da Paz, 72",CANAPI,AL,2021-09-23
Bryan da Cunha,TGQ-7Y78,78,Homem,"Chácara de da Mata, 4",ORIZÂNIA,MG,2022-04-20
Cauã Melo,BHZ-0T82,27,Homem,"Conjunto Moreira, 91",SERRA AZUL DE MINAS,MG,2020-06-18
Brenda Oliveira,ABN-5Q96,22,Mulher,"Condomínio Joana Viana, 37",RANCHARIA,SP,2022-06-10
Sra. Maria Cecília da Cunha,CGS-6V33,49,Mulher,"Lagoa de Ramos, 9",PRACUÚBA,AP,2022-09-07
Isis Azevedo,RRQ-2P35,51,Mulher,"Trecho Isabelly Carvalho, 10",GUADALUPE,PI,2020-07-04
Juliana da Costa,DUC-1C50,97,Mulher,"Praça de Gonçalves, 30",SÃO PAULO DE OLIVENÇA,AM,2021-12-09
Ana Beatriz Melo,HEZ-9V09,0,Não binário,Vale Moura,MARANGUAPE,CE,2023-07-04
Maria Cecília Moraes,AOM-8H69,77,Não binário,"Viaduto de da Costa, 79",MONTANHA,ES,2023-05-03
Maria Nascimento,LZK-3Y94,17,Não binário,Favela de Barros,COLÔNIA DO PIAUÍ,PI,2021-07-25
Sra. Maria da Conceição,RRK-0Q56,41,Não binário,Campo da Cruz,LUPÉRCIO,SP,2021-03-24
Sophie Vieira,GQB-3Z61,93,Mulher,Recanto de Gomes,HUMAITÁ,AM,2022-12-20
Srta. Isabella Nogueira,MGJ-3W25,48,Não binário,"Esplanada de da Conceição, 857",BURITI DOS LOPES,PI,2021-05-28
Camila Nunes,EDK-3A05,20,Mulher,"Parque de Cardoso, 96",LONDRINA,PR,2021-04-04
Pedro Lucas da Cruz,TSK-1K01,72,Homem,Colônia Renan Silva,MARECHAL THAUMATURGO,AC,2020-05-22
Dr. Arthur Castro,HWI-2J45,19,Homem,"Recanto Heitor Jesus, 667",CANTÁ,RR,2022-07-22
Ana Laura Gonçalves,OYO-1R69,77,Não binário,"Travessa Nunes, 56",MIRANTE DA SERRA,RO,2021-06-21
Heloísa Melo,KSC-0G98,80,Mulher,"Viaduto Moura, 15",PONTE ALTA DO TOCANTINS,TO,2020-10-22
Stella Monteiro,JOS-9I66,34,Não binário,"Largo de Gomes, 765",SANTANA DO MUNDAÚ,AL,2023-03-02
Renan Silva,BRB-2Y22,24,Homem,"Colônia Cavalcanti, 17",SÃO JOSÉ DO NORTE,RS,2022-08-12
Stella Peixoto,XFV-0H07,19,Não binário,"Vila de Nunes, 536",MACAPÁ,AP,2021-05-25
Maria Luiza Peixoto,OJO-8M93,14,Não binário,"Sítio Júlia Fernandes, 5",CACHOEIRA DE GOIÁS,GO,2020-11-01
Theo Costela,JSO-7C10,53,Homem,"Vila Alana Azevedo, 363",MAUÁ,SP,2021-02-13
Joana Souza,ZLY-4J42,8,Mulher,"Quadra de Moraes, 7",LAGARTO,SE,2022-06-08
Vicente Pinto,BKE-1V77,66,Homem,"Quadra Juan Mendes, 89",PRESIDENTE JUSCELINO,MA,2023-05-26
Isabella da Cunha,MXJ-8O00,75,Não binário,"Colônia da Paz, 278",RESTINGA SECA,RS,2023-03-30
Ana Beatriz Cardoso,BSW-8S06,94,Mulher,"Setor de Moraes, 15",COTRIGUAÇU,MT,2020-11-24
Maria Cecília Silva,HHT-5X02,62,Não binário,"Área Emanuel da Mata, 847",CERRO CORÁ,RN,2022-12-29
Maysa Novaes,EHG-7E75,25,Mulher,"Jardim Camila das Neves, 75",ALTO ALEGRE,RR,2023-05-17
Ana Sophia Moura,CHG-4O43,56,Não binário,"Praça da Rosa, 796",SILVES,AM,2023-01-18
Yuri Moraes,OJZ-4G66,13,Homem,"Núcleo de Silveira, 9",TRAIPU,AL,2021-09-07
Ana Beatriz Cardoso,QVA-1L16,10,Mulher,"Distrito Melo, 46",PARELHAS,RN,2021-12-04
Matheus Araújo,WQS-9E77,28,Homem,"Vale Giovanna Cardoso, 761",ANITÁPOLIS,SC,2022-03-09
Srta. Alana Silva,HDV-5S82,59,Não binário,"Travessa Maria Sophia Moraes, 453",BRAZABRANTES,GO,2020-10-26
Camila Ribeiro,QPA-7E30,43,Mulher,"Condomínio de Viana, 902",GOIANDIRA,GO,2020-11-23
Theo Rezende,FDP-5K45,98,Homem,"Vereda de Teixeira, 58",MATA GRANDE,AL,2021-07-27
Letícia Gonçalves,LOW-9F95,7,Não binário,"Estrada Jesus, 99",ORIXIMINÁ,PA,2023-07-16
Maria Vitória da Rosa,HUY-8O47,87,Mulher,"Setor Aragão, 85",VITÓRIA DA CONQUISTA,BA,2022-08-25
Heloísa Melo,PGB-1A54,16,Não binário,"Setor Viana, 7",CACHOEIRA DO PIRIÁ,PA,2020-02-01
Isadora Peixoto,EMB-3A74,69,Não binário,"Ladeira de Vieira, 58",Brasília,DF,2022-06-28
Matheus Rezende,FKB-5W89,9,Homem,"Núcleo de Peixoto, 8",CUTIAS,AP,2020-09-18
Fernando Barbosa,LBW-0Z21,85,Homem,"Residencial de Rezende, 4",JAPARATUBA,SE,2021-04-14
Maria Julia Lima,NWW-8C85,61,Não binário,"Rua Lucas Gabriel Lopes, 1",LARANJAL DO JARI,AP,2020-02-15
Stephany Martins,MUR-2E16,4,Mulher,"Viela Luiza Cavalcanti, 37",ITAUBAL,AP,2021-08-07
Sra. Maria Clara Costela,QIT-8E00,73,Não binário,"Ladeira Duarte, 32",ATALAIA,AL,2023-03-26
Melissa Melo,OCL-2E24,14,Não binário,"Núcleo Natália Cavalcanti, 15",VITÓRIA DO XINGU,PA,2022-12-13
Natália Ramos,KZN-6J72,48,Não binário,"Vale Moreira, 76",GRAÇA,CE,2022-10-12
Anthony Martins,GEU-4D79,85,Homem,"Lago da Paz, 57",PARATY,RJ,2021-07-24
Sarah Oliveira,PLW-2A82,65,Mulher,"Trevo Antônio Caldeira, 26",ITAPIPOCA,CE,2022-03-03
Melissa Cardoso,KKV-1V22,70,Mulher,"Recanto de Correia, 366",PLANALTO DA SERRA,MT,2022-08-11
Srta. Sophia Pires,UYQ-8L43,6,Não binário,"Estrada Henrique da Mata, 568",ABAÍRA,BA,2021-06-18
Sra. Bruna da Costa,RHI-4P62,89,Não binário,"Viela Alana Farias, 11",CORURIPE,AL,2021-06-30
Ana Luiza Fogaça,UKT-0W27,42,Mulher,"Sítio Castro, 199",ARAPOEMA,TO,2020-03-02
André Aragão,LCQ-6T42,76,Homem,"Parque Isis Teixeira, 2",JAÇANÃ,RN,2022-11-08
Miguel Silva,HYI-1A33,69,Homem,"Núcleo Nunes, 625",BARRA DE SÃO FRANCISCO,ES,2020-03-13
Rebeca Lima,HVG-0T99,82,Mulher,"Distrito da Rocha, 9",VILA BOA,GO,2022-07-12
Gabrielly Mendes,BNH-5C83,6,Mulher,Lago Davi Luiz Moura,AREIA BRANCA,SE,2021-03-31
Stella Ramos,MKU-7S27,33,Não binário,"Praia Monteiro, 102",RIO NEGRINHO,SC,2021-08-27
João Vitor Pinto,PVI-6L87,21,Homem,"Fazenda de Costa, 79",URUPÁ,RO,2020-04-12
Pedro Miguel Pereira,ZYZ-4L47,57,Homem,Rodovia Maria Vitória Teixeira,MANFRINÓPOLIS,PR,2021-12-09
Ana Laura Fernandes,CGM-9E86,54,Mulher,"Trevo da Mota, 600",IELMO MARINHO,RN,2022-02-09
Maria Eduarda da Luz,VWF-6S48,23,Mulher,"Estação Ramos, 62",CANAVIEIRA,PI,2021-10-10
Natália Freitas,OQQ-5V50,49,Mulher,"Jardim Aragão, 92",ITATIAIA,RJ,2021-01-23
Caio Fernandes,NZZ-1P71,61,Homem,"Chácara Marina Pinto, 62",NOVO ACORDO,TO,2021-10-24
Dr. Thomas Correia,BHU-5U33,8,Homem,"Passarela de Santos, 28",DOIS VIZINHOS,PR,2022-09-10
Daniel Sales,TWR-1C05,40,Homem,Recanto Alice da Rocha,VILA NOVA DO SUL,RS,2022-06-04
Pietro Silva,YMN-7F02,94,Homem,"Ladeira Maria Alice Silva, 519",ITATUBA,PB,2022-07-05
Srta. Ana Júlia Cavalcanti,FYR-0T51,100,Mulher,"Núcleo de Costa, 51",COSTA RICA,MS,2022-06-23
Srta. Maria Clara Farias,NQS-4Q57,40,Mulher,"Lago Alves, 36",NOVA AMÉRICA DA COLINA,PR,2020-06-05
Sra. Ana Lívia Fernandes,XQL-0G39,61,Mulher,Trecho Rodrigues,SANTA QUITÉRIA DO MARANHÃO,MA,2020-12-07
Maria Luiza Pereira,QOD-9E82,92,Mulher,"Conjunto Barbosa, 367",PONTE ALTA DO BOM JESUS,TO,2022-08-25
Maria Cecília Dias,WIN-6Q58,60,Mulher,"Setor Fogaça, 13",NORMANDIA,RR,2023-06-25
Miguel Rodrigues,JVG-5P41,29,Homem,"Feira de Nascimento, 4",JAPORÃ,MS,2023-07-13
Letícia Pereira,ZZJ-0S45,39,Não binário,"Pátio Sales, 92",IBIRAÇU,ES,2020-09-28
Marcela Martins,TOK-6S05,52,Não binário,"Conjunto Farias, 52",PASSO DE CAMARAGIBE,AL,2021-12-07
Stella Carvalho,GXO-5G77,36,Mulher,"Condomínio Novaes, 71",CORONEL JOSÉ DIAS,PI,2020-08-30
Maria Alice Moraes,WDE-4B25,40,Não binário,"Vale Milena Cardoso, 96",VOLTA REDONDA,RJ,2020-07-11
Fernanda Dias,QZN-8Z18,76,Não binário,"Viela Lívia Fogaça, 43",LAGOA SANTA,GO,2020-08-11
Maria Cecília Almeida,JNK-8D60,75,Mulher,"Passarela de da Cunha, 603",SILVEIRA MARTINS,RS,2023-07-07
Dra. Isabel Moraes,SSE-5P93,81,Não binário,"Via João Felipe Gomes, 91",INOCÊNCIA,MS,2022-08-11
Srta. Bruna Gomes,XMI-5R83,99,Não binário,"Largo de Vieira, 99",POÇÃO,PE,2023-03-07
Olivia Lima,RWT-2Q13,17,Não binário,Distrito de Cardoso,LUZILÂNDIA,PI,2020-09-25
Maitê da Rocha,GXY-2M67,66,Não binário,"Passarela de da Cunha, 92",IPIRANGA DO PIAUÍ,PI,2020-12-04
Raquel da Rosa,CHQ-4O20,28,Não binário,"Sítio de Rocha, 395",Brasília,DF,2021-08-05
João Gabriel Ribeiro,QZI-1K56,36,Homem,Campo de Castro,MALHADOR,SE,2020-03-04
Isabelly Gomes,CLQ-2M52,23,Não binário,"Esplanada de Cardoso, 64",CAREIRO,AM,2022-04-18
Luna Araújo,FBU-7M14,35,Mulher,"Setor Caldeira, 24",FORTALEZA DOS NOGUEIRAS,MA,2021-02-17
João Gabriel Sales,CBV-3H43,67,Homem,"Distrito de Nogueira, 796",MATIAS OLÍMPIO,PI,2021-02-19
Theo Cardoso,GWG-9C78,63,Homem,"Quadra Nascimento, 26",GUARACIABA DO NORTE,CE,2021-08-20
Pedro Lucas Castro,PTZ-6Y09,84,Homem,"Praia de Pires, 18",ENGENHEIRO PAULO DE FRONTIN,RJ,2022-07-04
Rafael da Cunha,HKB-7P27,58,Homem,"Lagoa Caldeira, 9",SANTA MARIA DO CAMBUCÁ,PE,2020-11-28
Eloah Moura,FAL-8U36,39,Mulher,"Parque Viana, 79",ALGODÃO DE JANDAÍRA,PB,2021-11-30
Letícia Silva,LZR-4P65,95,Não binário,Trecho Ana Beatriz da Rosa,GURINHÉM,PB,2022-12-03
Pedro Lucas Carvalho,GND-9L51,95,Homem,"Lagoa João Miguel Cardoso, 92",PORCIÚNCULA,RJ,2021-11-12
Stephany Sales,MEQ-3P22,67,Não binário,"Favela Nicole Fernandes, 85",IMARUÍ,SC,2022-02-07
Nicole Novaes,SQV-8R62,43,Não binário,"Passarela Catarina Novaes, 79",ALTO ALEGRE DOS PARECIS,RO,2022-01-11
Sr. Calebe Costela,JTF-4Q58,93,Homem,Lagoa da Cruz,NOVA ALIANÇA DO IVAÍ,PR,2021-02-15
Lucas Vieira,DIJ-9F74,37,Homem,"Pátio Peixoto, 6",AMAMBAI,MS,2020-03-06
Luiz Felipe Cunha,FJM-9J83,84,Homem,"Ladeira Barbosa, 6",PIAÇABUÇU,AL,2022-05-28
Srta. Stella Barros,WHM-5C97,43,Não binário,"Praça de Silva, 239",BURITI BRAVO,MA,2021-05-18
Marcelo Mendes,TSB-9D85,11,Homem,"Passarela Enzo Pereira, 24",BRASILÉIA,AC,2022-02-24
Noah Cardoso,QMT-7V38,43,Homem,Fazenda Barros,Brasília,DF,2020-11-26
Bernardo Pires,CTT-0V80,23,Homem,"Viela Farias, 793",IMBUIA,SC,2022-07-29
Sra. Olivia da Rocha,EBH-2D92,82,Não binário,"Esplanada Lopes, 480",CONCEIÇÃO DAS ALAGOAS,MG,2022-09-23
Sr. Benício Pinto,RNN-5X53,16,Homem,"Feira Eloah Correia, 284",IGUATEMI,MS,2020-07-09
Isis Sales,ZQI-1F63,84,Mulher,"Setor Teixeira, 98",VILA VELHA,ES,2020-07-31
Daniela Nascimento,EDJ-2D45,52,Não binário,"Favela de da Costa, 143",SAQUAREMA,RJ,2021-12-12
Manuela Araújo,QJB-2K51,53,Não binário,"Quadra João Miguel Fogaça, 921",BREJETUBA,ES,2021-05-09
Sophie Ferreira,NNU-0I71,60,Não binário,"Ladeira Campos, 11",SERRA DO NAVIO,AP,2023-07-04
Sofia Lopes,WQG-2M23,59,Não binário,"Vereda Leonardo Moura, 69",SENADOR GUIOMARD,AC,2023-01-23
Dra. Alícia Farias,BPX-5U75,17,Não binário,"Conjunto Eloah Rezende, 92",ITAGUAÍ,RJ,2020-02-22
Luiz Henrique Rodrigues,DBS-7G70,9,Homem,"Largo Carlos Eduardo da Cunha, 997",RIO PRETO DA EVA,AM,2023-02-27
Ana Júlia Campos,QQV-6F73,70,Não binário,"Pátio de Moreira, 66",ITAIPÉ,MG,2021-11-26
Ana Lívia Teixeira,TGD-0D69,57,Mulher,"Sítio de Santos, 91",BOA VIAGEM,CE,2022-10-06
Raquel Rodrigues,SPI-3A03,98,Não binário,"Via de Ribeiro, 94",PINDORAMA DO TOCANTINS,TO,2023-04-20
Emanuelly Sales,IZU-5I62,93,Não binário,"Lago da Luz, 89",VÁRZEA GRANDE,MT,2022-11-29
Alexandre Mendes,KEK-9K09,89,Homem,"Parque Anthony da Costa, 67",PITIMBU,PB,2022-05-01
Sra. Milena Alves,ZQR-1O77,3,Não binário,"Morro Murilo Cunha, 9",OIAPOQUE,AP,2022-11-23
Sr. Heitor Freitas,HVU-5B27,72,Homem,Colônia de Melo,PLANALTO,BA,2021-01-12
Beatriz Cavalcanti,JIU-6C74,37,Mulher,Avenida Lara Cardoso,LAGOA VERMELHA,RS,2022-02-11
Ian Azevedo,NQR-4S97,98,Homem,"Morro Caldeira, 896",CENTRALINA,MG,2021-08-24
Noah Martins,DVK-3J65,75,Homem,"Colônia de Farias, 77",PÃO DE AÇÚCAR,AL,2022-08-08
Daniel Fernandes,VRV-6P44,76,Homem,"Parque Moura, 62",VILA VALÉRIO,ES,2023-05-19
Luiz Miguel Araújo,VVV-4S99,41,Homem,"Fazenda de Sales, 428",AMARANTE DO MARANHÃO,MA,2021-12-20
Valentina Novaes,AGW-8Y88,37,Mulher,"Sítio Carlos Eduardo Rodrigues, 22",CÓRREGO NOVO,MG,2020-03-08
Ana Clara Melo,INK-0M13,90,Mulher,Morro Nunes,COIMBRA,MG,2023-03-23
Levi Gonçalves,RZT-8A27,45,Homem,"Aeroporto Nunes, 512",JAGUARIBARA,CE,2022-10-30
Nina Ramos,TEJ-1E15,58,Não binário,Parque Ramos,CAIÇARA DO RIO DO VENTO,RN,2022-05-14
Bruna Almeida,VAB-9D47,27,Mulher,"Feira Camila Viana, 286",MORENO,PE,2020-05-24
Clara Rocha,UHZ-7D82,60,Não binário,"Estrada Alana Santos, 45",CAROEBE,RR,2021-06-04
Melissa Teixeira,LWX-1W88,72,Mulher,"Jardim Correia, 9",JUNDIAÍ DO SUL,PR,2021-12-31
Sarah da Mota,KHN-1J94,57,Não binário,"Morro Juan Sales, 27",UARINI,AM,2020-01-24
Vitória Lopes,GMA-7Y81,5,Não binário,"Loteamento Gonçalves, 29",SÃO LUÍS DO QUITUNDE,AL,2020-04-27
Sra. Olivia da Rocha,DIL-7S35,78,Não binário,"Viaduto Teixeira, 41",PORTEIRAS,CE,2021-11-04
Paulo Peixoto,PIB-5J17,90,Homem,Morro de Santos,PRIMEIRA CRUZ,MA,2021-06-09
Isabella Nunes,SDY-4I29,70,Mulher,"Loteamento de Silveira, 18",MUCAMBO,CE,2023-04-04
Agatha Pires,VHV-8M75,65,Mulher,"Alameda de Costa, 953",CARLÓPOLIS,PR,2020-01-22
Elisa Cunha,IQT-3Q14,29,Não binário,"Recanto Isabelly da Rocha, 6",ASSIS BRASIL,AC,2020-06-24
Júlia da Mota,FAW-1G81,2,Não binário,"Alameda Clara Pinto, 90",SALTO,SP,2020-07-07
Diogo Moreira,FKV-5V61,61,Homem,"Morro Barros, 77",PENALVA,MA,2021-11-16
Maria Cecília Cardoso,NYX-3Q57,23,Não binário,"Trevo Yasmin Ferreira, 61",BERTIOGA,SP,2021-08-19
Vitor Gabriel Fernandes,ULT-5E55,92,Homem,"Conjunto de Nascimento, 2",MARAVILHA,AL,2021-04-29
Vitor Gabriel Silveira,ENO-6H44,76,Homem,"Jardim Davi Lucca Barbosa, 8",CAMPO REDONDO,RN,2023-02-22
Emanuelly da Rocha,JUQ-8B08,9,Não binário,"Conjunto Sofia Gomes, 47",MANAÍRA,PB,2022-06-21
Sra. Maria Campos,ZQW-6R13,90,Mulher,"Trevo de Moreira, 95",SÃO SEBASTIÃO DO ALTO,RJ,2021-05-02
Alícia da Cunha,ORG-5F05,44,Não binário,Lago da Luz,FEIJÓ,AC,2023-03-12
Eduardo Souza,PBN-7R42,20,Homem,"Estrada de Gomes, 8",MARCIONÍLIO SOUZA,BA,2021-07-24
Maria Alice Rocha,PWD-5D39,95,Não binário,"Parque Teixeira, 84",LUZIÂNIA,GO,2022-10-15
Luana Aragão,ZFA-0U92,97,Não binário,Pátio Cardoso,SANTANA DE MANGUEIRA,PB,2022-12-22
Marina Cardoso,LXQ-0A67,44,Não binário,"Favela Cunha, 92",RESERVA,PR,2021-02-10
Heloísa Correia,LBF-0K38,80,Mulher,"Campo Rebeca Barbosa, 23",SÃO MANOEL DO PARANÁ,PR,2022-02-06
Pietra Castro,IRC-3B94,30,Mulher,"Rua Thiago Cardoso, 10",ROLIM DE MOURA,RO,2022-01-27
Sra. Maria Luiza Martins,YDU-4P29,15,Não binário,"Núcleo Natália Sales, 38",SÃO JOSÉ DA TAPERA,AL,2022-07-28
Maria Eduarda Moreira,YAZ-6L88,99,Não binário,"Área Eduardo Peixoto, 76",CANTÁ,RR,2021-04-20
Laura Sales,LNH-7I44,13,Não binário,Residencial Vitória da Paz,SOBRÁLIA,MG,2022-05-28
Luigi da Rocha,VFQ-1D45,42,Homem,Viaduto Silva,SÃO MATEUS,ES,2022-10-08
Lucas Gabriel da Cruz,XZX-0I23,14,Homem,Passarela Duarte,UIRAMUTÃ,RR,2022-06-25
Luna Almeida,UJO-0L47,20,Não binário,Avenida Caroline Nunes,SALMOURÃO,SP,2020-05-31
Guilherme Cardoso,QFF-5I11,65,Homem,Avenida Ana Sophia Nogueira,ARENÓPOLIS,GO,2022-02-04
Elisa Rezende,ASX-2V00,73,Mulher,Esplanada Pedro Lucas Costa,VERTENTE DO LÉRIO,PE,2020-08-06
Dra. Maria Eduarda da Paz,YLB-2H56,38,Não binário,"Feira Camila Moraes, 543",LOGRADOURO,PB,2021-05-25
Sr. João Lucas Silveira,HBO-6A66,92,Homem,"Trevo Alves, 36",TUPIRAMA,TO,2021-12-28
Sophie Moreira,UQZ-3V32,44,Mulher,"Trecho Breno da Mota, 61",TACURU,MS,2022-10-27
Gustavo Henrique Silva,COU-6A41,56,Homem,"Aeroporto de Nunes, 53",TIGRINHOS,SC,2023-03-01
Maitê da Conceição,TAI-3M26,80,Não binário,"Residencial Stephany das Neves, 13",AREAL,RJ,2020-09-01
Yasmin Porto,NFG-0Y38,29,Não binário,"Jardim Nathan Caldeira, 13",SÉRIO,RS,2020-06-23
Erick Peixoto,XHG-1C59,7,Homem,Lagoa da Cruz,NOVA ALIANÇA,SP,2021-06-30
Maria Clara Rodrigues,IBA-9F73,35,Não binário,"Ladeira de Cardoso, 5",OURÉM,PA,2021-04-07
Sra. Raquel Nascimento,KGE-3T28,75,Mulher,"Vila Clarice Nunes, 83",PRESIDENTE MÉDICI,RO,2023-02-18
Dra. Clara Nascimento,BME-0I95,80,Mulher,"Viaduto de Campos, 76",ERECHIM,RS,2021-11-22
Srta. Maria Cecília Lima,KPZ-4B62,29,Mulher,"Quadra de Nunes, 780",ENCANTO,RN,2020-10-12
Isaac Vieira,PXE-4L52,100,Homem,"Rodovia de Peixoto, 6",CHAPADÃO DO SUL,MS,2020-06-15
Isadora Monteiro,YAQ-4B06,46,Não binário,"Estação Maria Julia Cunha, 48",ARICANDUVA,MG,2020-06-08
Maria Luiza Barros,NGK-4E14,14,Não binário,"Trevo Daniela Nascimento, 161",MONTE ALTO,SP,2023-01-26
Sr. Felipe Silveira,NZO-5R53,87,Homem,"Via Fernanda Jesus, 5",OURO BRANCO,AL,2022-01-10
Daniela Lima,EMR-6V89,45,Não binário,"Campo Melissa da Cruz, 85",COLORADO DO OESTE,RO,2020-04-05
Joana Mendes,SNC-0X30,15,Não binário,"Distrito de Pinto, 53",PAINEIRAS,MG,2020-02-08
Pedro Lucas Jesus,LHP-7B61,45,Homem,"Passarela Alana Pires, 59",UIRAÚNA,PB,2020-06-28
Srta. Laura da Rocha,FIM-9E00,54,Não binário,"Favela da Rosa, 19",AGRICOLÂNDIA,PI,2021-07-03
Luiza Moraes,SSB-3G79,55,Mulher,Feira de Gonçalves,SÃO JOÃO DO TIGRE,PB,2020-07-25
Maria Cecília Cunha,TAK-7U63,60,Não binário,"Estrada Martins, 2",AUGUSTO CORRÊA,PA,2020-10-24
Henrique Araújo,CIM-2C00,57,Homem,"Passarela Caldeira, 78",SÃO JOÃO DO SABUGI,RN,2021-12-04
Murilo Souza,IYX-0W01,89,Homem,"Condomínio de Cardoso, 32",CORGUINHO,MS,2023-04-05
João Miguel Correia,MAA-1Y29,54,Homem,"Trecho de Duarte, 12",SANTA CRUZ DE MONTE CASTELO,PR,2020-06-08
Emanuelly da Rocha,YEE-2F13,91,Mulher,"Vila de Rocha, 57",MARIANÓPOLIS DO TOCANTINS,TO,2020-12-30
Luiz Henrique da Mota,RFF-8M18,55,Homem,"Estação Alana Moraes, 56",NORMANDIA,RR,2022-07-08
Ana Cardoso,KDQ-2F43,43,Mulher,"Distrito Souza, 7",CÉU AZUL,PR,2020-02-23
Joaquim da Costa,QGD-0O00,72,Homem,"Praça de Alves, 58",CUTIAS,AP,2021-08-03
Sra. Emilly Santos,FJZ-0H17,43,Mulher,"Jardim de das Neves, 9",PORTO ACRE,AC,2020-08-04
Maria Alice Almeida,GLK-8L54,6,Não binário,"Alameda de Souza, 2",COSTA MARQUES,RO,2021-09-20
Sra. Alexia Sales,KND-8F07,56,Não binário,"Residencial Mariana Moura, 35",MIRAÍMA,CE,2021-11-07
Cauã Mendes,SKB-2L38,8,Homem,"Vale de Rodrigues, 1",DOIS IRMÃOS,RS,2023-05-01
Alícia Nascimento,JMD-2S62,64,Mulher,"Área Theo Freitas, 92",SILVA JARDIM,RJ,2020-11-26
Valentina Pires,SIB-9V98,83,Mulher,"Conjunto Pereira, 68",BOM JESUS DO TOCANTINS,PA,2023-06-09
Thiago da Costa,AZI-1S59,95,Homem,"Setor da Cunha, 22",SAMPAIO,TO,2022-02-03
Luiz Otávio Silveira,DMP-3J62,28,Homem,"Feira Leonardo Carvalho, 95",LUZINÓPOLIS,TO,2023-01-10
Ana Vitória Jesus,MQB-7U07,62,Mulher,"Alameda Mendes, 400",PILAR,AL,2021-06-11
Maria Clara Duarte,WSV-4H91,88,Não binário,Área da Conceição,CAPOEIRAS,PE,2020-12-06
Bryan Fogaça,XXP-1Y29,34,Homem,"Parque Cauã Gomes, 23",NORMANDIA,RR,2022-03-07
Maria Vitória da Cruz,QOS-0U96,80,Não binário,"Vale de Lopes, 52",IPIXUNA,AM,2022-10-18
Júlia Freitas,VMD-0I50,33,Mulher,"Rodovia de Almeida, 8",FELISBURGO,MG,2022-07-28
Noah Souza,QHE-5A73,85,Homem,"Alameda de Cunha, 93",TIMON,MA,2023-01-18
Thomas Teixeira,AJQ-5R14,75,Homem,"Trecho de Azevedo, 33",BARRA DE SÃO MIGUEL,AL,2020-06-13
Clarice Oliveira,TSY-0B95,93,Mulher,"Praça Arthur Gomes, 25",CANGUARETAMA,RN,2020-01-19
Maria Eduarda Vieira,BTV-0S86,44,Não binário,"Loteamento de Rezende, 3",UMBAÚBA,SE,2022-02-26
João Guilherme Pinto,WST-3I52,23,Homem,"Favela Aragão, 38",PORTO REAL DO COLÉGIO,AL,2022-03-10
Sr. Nicolas Moraes,GQT-3I30,70,Homem,"Distrito Pires, 15",MARECHAL FLORIANO,ES,2022-02-03
Yasmin Cardoso,WTT-3N16,55,Não binário,Rodovia João Guilherme Viana,GUAPIMIRIM,RJ,2023-02-19
Levi Silva,VIW-0G38,99,Homem,"Esplanada Ribeiro, 11",BARRO DURO,PI,2023-01-13
Daniela Souza,XJW-4T66,47,Mulher,Lagoa Aragão,ASSIS,SP,2022-10-20
Sr. Rodrigo Viana,ZHR-7W30,25,Homem,"Núcleo Gomes, 30",JENIPAPO DOS VIEIRAS,MA,2022-02-16
Esther Monteiro,WLA-1T16,76,Não binário,"Largo de Nascimento, 38",NHAMUNDÁ,AM,2022-09-20
Enzo Gabriel Azevedo,RGT-5W21,91,Homem,"Conjunto de da Rocha, 79",SÃO DOMINGOS DO NORTE,ES,2021-08-11
Daniela Gomes,ZCJ-1M57,49,Não binário,"Campo da Paz, 26",DOURADINA,MS,2022-06-10
Srta. Ana Carolina Sales,JVA-8H69,37,Não binário,"Praia Monteiro, 70",MURUTINGA DO SUL,SP,2020-05-20
Sra. Isabella Nogueira,QZI-1J79,42,Não binário,"Largo Vitor Ribeiro, 91",OCARA,CE,2021-06-25
Natália Costela,POV-5I47,54,Não binário,"Trecho Marcela da Cunha, 86",DOM AQUINO,MT,2021-03-19
Ana Carolina Aragão,DDH-5R43,35,Não binário,"Distrito de Dias, 30",RORAINÓPOLIS,RR,2020-05-05
Dra. Maria Carvalho,YPT-1X88,56,Não binário,"Viela Milena Melo, 84",PRESIDENTE MÉDICI,RO,2020-06-02
Emilly Costa,IOL-5R78,59,Mulher,"Colônia Lorena Moraes, 4",ITAPUÃ DO OESTE,RO,2023-06-10
Nina Melo,YQB-1Q18,26,Não binário,"Chácara Camila da Paz, 175",ACRELÂNDIA,AC,2023-05-01
Caroline Novaes,XYV-6B22,3,Não binário,"Quadra Mendes, 20",AREIAS,SP,2022-11-18
Sophie Fogaça,TKG-9L73,51,Mulher,"Vereda Novaes, 74",CAMPINAS,SP,2021-06-05
Laís da Rosa,EJT-6P97,6,Não binário,"Jardim das Neves, 856",SANTO AMARO,BA,2020-06-07
Marina Sales,AUC-7U24,40,Mulher,"Morro Luigi da Conceição, 86",PIRANHAS,AL,2021-07-05
Joana da Paz,MDO-2N25,39,Mulher,"Área de Ribeiro, 47",ARAGUACEMA,TO,2021-04-27
Nathan Costela,ZYF-2C97,77,Homem,"Área Mendes, 14",BRASILÉIA,AC,2021-07-20
João Moreira,YIG-8K38,45,Homem,"Loteamento Lucca Ramos, 2",AUGUSTO PESTANA,RS,2022-08-02
Dr. Benício Rodrigues,MIH-3F17,67,Homem,"Lagoa de Azevedo, 8",SÃO GABRIEL DA CACHOEIRA,AM,2021-10-31
Luana da Mota,TVS-4K01,42,Não binário,"Favela Cardoso, 82",ANAPU,PA,2022-03-10
Nicole Cunha,QLM-7S10,29,Mulher,"Via da Rosa, 7",SOURE,PA,2022-12-01
Maria Eduarda Ramos,UNE-2T06,84,Mulher,"Área Costela, 203",REDENÇÃO DO GURGUÉIA,PI,2022-07-21
Ana Sophia Vieira,QNK-7K02,15,Mulher,"Fazenda de Correia, 170",PASTOS BONS,MA,2022-02-11
Pedro Henrique Souza,MBW-0P35,89,Homem,"Vale de Oliveira, 714",Brasília,DF,2021-12-17
Lara da Cruz,NZR-7B27,25,Não binário,"Passarela Ribeiro, 50",ITAITINGA,CE,2020-06-24
Enzo Azevedo,CGZ-9N32,97,Homem,"Setor de Moreira, 78",Brasília,DF,2022-05-19
Marcela Ramos,JQB-1N11,37,Mulher,Praça de Moreira,CAAPORÃ,PB,2022-05-29
Juliana da Rosa,CNW-2D89,70,Não binário,"Rodovia Santos, 83",SÃO JOÃO DA PARAÚNA,GO,2021-04-06
Manuela Duarte,ZRM-2J58,62,Mulher,Via de Oliveira,SÃO PAULO DE OLIVENÇA,AM,2022-05-19
Sra. Beatriz da Costa,RFT-9C60,93,Não binário,Favela de Ramos,CASTELÂNDIA,GO,2020-02-23
Ryan Rocha,RRQ-0C87,78,Homem,"Aeroporto Agatha Nogueira, 32",PLÁCIDO DE CASTRO,AC,2023-05-25
Maria Dias,QQH-3K64,27,Não binário,"Vereda de da Paz, 320",SANTANA,AP,2021-04-26
Ana Clara Silva,KPD-4I74,97,Não binário,"Trevo Cauã Silva, 9",CRIXÁS,GO,2022-09-30
Caroline Duarte,URF-1C23,54,Não binário,Loteamento Beatriz Moraes,RODRIGUES ALVES,AC,2023-03-12
Maria Vitória Ramos,XZA-6A93,83,Não binário,"Vereda Maria Eduarda Dias, 50",ABRE CAMPO,MG,2020-02-01
Maria Fernanda Castro,NSF-2I64,20,Mulher,"Estrada Luiz Gustavo da Cruz, 55",CANA VERDE,MG,2020-05-17
Clara Costela,IXT-4X30,7,Mulher,Esplanada de Duarte,SÃO BENTINHO,PB,2022-12-25
Julia Cardoso,QAQ-4G24,80,Não binário,"Rodovia de da Mata, 164",CACHOEIRINHA,PE,2020-10-19
André Santos,WYK-0Y37,16,Homem,"Sítio de Vieira, 2",CONGO,PB,2022-03-01
Ana Júlia das Neves,YGL-3U67,85,Não binário,"Lagoa de Alves, 41",MANOEL URBANO,AC,2022-11-25
Dra. Nina da Rocha,RYA-4U81,51,Não binário,"Núcleo de Monteiro, 27",ALTO ALEGRE,RR,2022-01-11
Clarice Nunes,SXB-0R40,38,Não binário,"Pátio de Souza, 2",MIRINZAL,MA,2022-09-15
Maria Clara Costa,AHH-9Z01,12,Mulher,"Pátio Farias, 37",AMAJARI,RR,2020-02-02
Sabrina Gonçalves,TQS-2M78,63,Não binário,"Feira Samuel Moura, 48",SANTA ISABEL DO RIO NEGRO,AM,2022-06-07
Isabel da Rosa,QCW-4Q83,87,Mulher,"Travessa Leandro Duarte, 62",SÃO GONÇALO DO GURGUÉIA,PI,2020-10-16
Dra. Lívia Correia,GUH-9F32,44,Não binário,"Parque Gabriel Ramos, 49",AMAPÁ,AP,2021-07-20
Danilo Azevedo,OBC-0F41,29,Homem,"Esplanada Moreira, 40",GAÚCHA DO NORTE,MT,2022-08-13
Melissa Aragão,JHK-1F45,35,Não binário,"Viaduto da Cunha, 39",BRAGANEY,PR,2022-01-26
Maria Vitória Dias,PVU-8N09,4,Mulher,"Área Pires, 147",SANTA ROSA DO PURUS,AC,2021-11-21
Fernando Viana,TPY-7M86,41,Homem,"Alameda Luiz Otávio Porto, 82",ARAGUAÍNA,TO,2021-07-14
Caroline Sales,KVZ-6O80,24,Não binário,"Campo Campos, 3",TIANGUÁ,CE,2022-09-13
Ana Clara Gonçalves,RXY-9I59,99,Mulher,"Recanto de Aragão, 20",PONTO BELO,ES,2020-05-04
Gustavo Henrique Rezende,BMO-3A25,85,Homem,"Quadra Marcos Vinicius Lima, 97",JUNDIAÍ DO SUL,PR,2021-09-18
Matheus Pinto,ROR-1B35,32,Homem,"Residencial Augusto Pinto, 225",SERTANEJA,PR,2021-11-13
Vinicius Monteiro,NHA-2Q75,79,Homem,"Setor Daniela Vieira, 86",SÃO JOÃO DO SOTER,MA,2021-01-13
Pedro Fogaça,WAP-2A07,11,Homem,"Alameda Bernardo Cardoso, 8",MACUCO,RJ,2020-01-10
Lucas Gabriel Correia,AGT-3U02,11,Homem,"Via de Cardoso, 82",SÃO FRANCISCO DO OESTE,RN,2023-02-04
Bernardo Carvalho,USD-2G18,10,Homem,"Alameda de Barbosa, 83",IRUPI,ES,2023-01-18
Maria Azevedo,VQS-4O55,4,Mulher,"Núcleo de Ramos, 312",CANINDÉ,CE,2020-11-03
Ana Beatriz Cunha,FNE-8Y19,57,Não binário,"Favela Cavalcanti, 23",RECREIO,MG,2021-11-11
Maria Cecília Cardoso,SLB-1M97,42,Mulher,"Via Heloísa Santos, 7",PORTO ALEGRE,RS,2021-08-01
Ana Lívia Freitas,GWI-5O26,76,Não binário,"Parque Costa, 63",DUQUE DE CAXIAS,RJ,2021-11-18
Maitê Moura,XWI-3C18,30,Mulher,"Esplanada de da Cunha, 73",IELMO MARINHO,RN,2020-10-01
Isabelly da Rocha,BXM-4E61,67,Mulher,"Núcleo Freitas, 95",TIBAU DO SUL,RN,2020-05-28
Luiz Felipe Novaes,GWE-0R45,57,Homem,"Jardim Fernandes, 858",FLORESTA DO PIAUÍ,PI,2022-11-13
Juliana Moraes,TWC-2Y17,54,Não binário,"Praça de Vieira, 2",IVATÉ,PR,2020-10-17
Dra. Alana Cavalcanti,VUK-8Z55,76,Não binário,Sítio Murilo Lopes,ANASTÁCIO,MS,2021-10-24
João Vitor Teixeira,TDT-7A36,76,Homem,"Esplanada Paulo Vieira, 4",VENTUROSA,PE,2022-04-20
Erick Rocha,WDM-3Q46,85,Homem,"Recanto de da Costa, 47",ITAGUAÇU,ES,2023-05-24
Cecília da Paz,JLO-9K26,100,Mulher,"Esplanada da Mata, 8",Brasília,DF,2023-01-15
Gabriela Cavalcanti,SXU-1V42,32,Não binário,"Sítio de Cunha, 34",OURILÂNDIA DO NORTE,PA,2021-05-19
Sra. Ana Júlia da Cruz,EVG-8Z90,51,Não binário,Núcleo Bruna Silveira,PILAR,AL,2022-08-01
Lorenzo Rezende,HYP-3D58,8,Homem,"Vila de Souza, 93",PASSA SETE,RS,2020-10-08
Carolina da Paz,NEM-9N59,76,Não binário,"Campo de Campos, 7",CATOLÉ DO ROCHA,PB,2021-04-17
Sr. Diego Monteiro,KXZ-7F79,49,Homem,"Feira João Felipe Mendes, 2",CAREIRO DA VÁRZEA,AM,2020-07-13
Srta. Maria Sophia Ribeiro,ZNP-0V66,17,Mulher,Alameda Luiz Fernando Santos,ARMAÇÃO DOS BÚZIOS,RJ,2023-03-21
Fernanda Araújo,EHV-4F05,94,Não binário,"Viaduto Lopes, 5",SÃO BENTO DO TRAIRÍ,RN,2022-08-23
Maria Vitória Araújo,NAR-8E38,40,Mulher,"Morro de da Paz, 74",MAZAGÃO,AP,2020-03-01
Bruna Costa,UPZ-3C73,67,Não binário,"Distrito de Duarte, 74",CEDRAL,MA,2022-04-30
João Guilherme Caldeira,VTN-3R24,64,Homem,"Favela Juan Nascimento, 844",SANDOLÂNDIA,TO,2022-02-16
Danilo Castro,JMT-4Q03,59,Homem,"Residencial Costela, 47",CRISTALINA,GO,2022-12-20
Maria Sophia Vieira,MAL-4L40,59,Não binário,"Conjunto de Ramos, 80",SÃO BENTO,MA,2021-03-17
Laís da Mota,OYG-8C10,35,Mulher,Feira Sales,FLORÍNIA,SP,2021-02-17
Srta. Maria Julia Pinto,ZEI-6K93,11,Mulher,"Setor Letícia Melo, 2",TREVISO,SC,2021-03-19
Sr. Daniel da Conceição,UDT-1W88,14,Homem,"Trecho Pinto, 74",CRUZEIRO DO SUL,AC,2020-10-13
Beatriz Alves,MSU-1J35,47,Não binário,"Rodovia Cardoso, 71",PRESIDENTE MÉDICI,RO,2022-07-07
Diogo Pires,ZPK-8Z23,12,Homem,"Passarela de Souza, 13",CURRAIS NOVOS,RN,2021-11-02
Ana Lívia Ramos,SUB-6O74,17,Não binário,"Lago Caroline Barros, 15",EUNÁPOLIS,BA,2022-09-28
Caio Martins,ARI-5K94,17,Homem,"Esplanada de Moreira, 2",CALÇOENE,AP,2022-10-09
Luana Porto,LOA-6R14,33,Mulher,"Conjunto de Correia, 24",FORTALEZA,CE,2020-02-10
Srta. Maria Clara Martins,OGZ-4W78,40,Mulher,"Favela de Cardoso, 81",ARIQUEMES,RO,2020-12-06
Emilly Almeida,BPW-1G32,0,Mulher,"Praia de Nascimento, 18",MADALENA,CE,2020-08-29
Gustavo da Costa,FIA-3S30,27,Homem,"Rodovia da Cunha, 52",NOVO AIRÃO,AM,2020-03-29
João Gabriel Costa,UEW-0K72,49,Homem,"Recanto Alexia Alves, 699",FELIZ,RS,2021-05-21
Srta. Mariane Rodrigues,GZU-5O26,56,Mulher,"Favela Nicolas Souza, 530",ITANHAÉM,SP,2023-04-12
Eduarda Moura,NDP-8O71,56,Não binário,"Viela Dias, 689",JAGUARI,RS,2022-11-23
Dra. Olivia Pereira,FHO-6P06,14,Não binário,"Viela de Caldeira, 11",CALÇOENE,AP,2020-04-27
Sra. Yasmin da Costa,OOS-9F88,51,Mulher,"Estação de Barros, 83",CANHOTINHO,PE,2020-03-05
Isabel Cardoso,WYH-9M24,65,Mulher,"Distrito de Mendes, 30",SERRA DO NAVIO,AP,2021-05-16
Luigi Monteiro,OSV-5O19,64,Homem,"Viela Moraes, 394",VICENTINA,MS,2022-07-24
Sr. Juan Ribeiro,YOA-9Z92,15,Homem,Viaduto de Farias,JATAÍ,GO,2021-06-17
Maria Sophia Duarte,RUT-8N06,58,Não binário,"Conjunto de Oliveira, 45",IPIXUNA,AM,2020-08-21
Larissa Campos,WLQ-0C32,83,Mulher,"Morro de Pinto, 7",PETROLINA DE GOIÁS,GO,2021-02-07
Ana Pereira,SGS-3J69,96,Mulher,"Pátio Erick Carvalho, 3",APERIBÉ,RJ,2020-10-12
Vitor Gabriel Moreira,OPN-1O02,84,Homem,"Passarela de Freitas, 92",IMBITUVA,PR,2020-10-07
João da Cunha,ODO-1E50,90,Homem,"Recanto de Fogaça, 6",CUJUBIM,RO,2022-03-29
Pedro Miguel Cavalcanti,RDB-7A83,9,Homem,"Avenida Yasmin Cavalcanti, 55",PERDIZES,MG,2021-01-12
Julia da Cruz,ZSP-9E24,53,Mulher,"Lago Dias, 74",ICONHA,ES,2020-01-25
Daniela Nunes,VKD-1U70,31,Não binário,"Colônia Azevedo, 95",ARAL MOREIRA,MS,2023-04-08
Thiago Sales,UGE-4A15,39,Homem,"Lagoa da Rosa, 997",BATALHA,AL,2023-01-31
Dra. Lorena Rezende,KVQ-1D03,71,Mulher,Loteamento de da Luz,PLÁCIDO DE CASTRO,AC,2022-01-01
Stella da Mata,WWL-1H49,22,Mulher,"Vila da Conceição, 92",SANTA TERESA,ES,2021-10-11
Ana Luiza Fernandes,USC-8E55,70,Mulher,"Lago Nunes, 36",PITANGUEIRAS,PR,2022-09-11
Pedro Miguel Rezende,HAK-0Q99,79,Homem,"Parque de Cardoso, 86",NOVA LACERDA,MT,2020-01-28
Larissa da Cunha,OOF-0K97,83,Não binário,"Distrito de Caldeira, 70",PLÁCIDO DE CASTRO,AC,2020-12-25
Srta. Alícia da Mota,JIN-2T40,0,Não binário,"Feira de da Mata, 130",TARAUACÁ,AC,2023-05-11
Alice Melo,IFT-5Z56,3,Mulher,"Vereda de Dias, 19",ANGICOS,RN,2020-11-07
Ana Beatriz Mendes,ZFL-8D95,48,Não binário,"Loteamento Enzo Novaes, 84",CUSTÓDIA,PE,2021-06-18
Rafaela Almeida,IBI-3F34,57,Não binário,"Conjunto Campos, 94",NOVO ACORDO,TO,2020-01-28
Bruna Teixeira,LAA-8T99,62,Mulher,"Área de da Mata, 3",UMBURANAS,BA,2020-09-21
Luiz Henrique Barbosa,UOF-5C36,74,Homem,"Sítio Marcelo Melo, 615",ITATIM,BA,2020-06-09
Enzo Gabriel Moreira,YEX-0F82,91,Homem,"Parque Lopes, 15",MARANHÃOZINHO,MA,2022-06-27
Gabriela Silva,KCN-4W99,53,Mulher,"Quadra Luiz Felipe Sales, 273",BARRA DE SANTANA,PB,2021-01-01
Nicole Gonçalves,RIP-6G13,23,Mulher,"Distrito Lorena Silva, 33",SENA MADUREIRA,AC,2022-09-29
Luiz Otávio Lopes,OFD-5X85,88,Homem,"Colônia de da Conceição, 912",LAGOA DO PIAUÍ,PI,2020-11-25
Heloísa Mendes,KCF-0V34,100,Mulher,"Campo Eloah Cardoso, 8",SUMIDOURO,RJ,2020-08-07
Lívia Gonçalves,LBF-5F06,94,Não binário,Condomínio Ribeiro,SÃO JOSÉ DE UBÁ,RJ,2020-07-05
Letícia Barbosa,XLX-1I93,98,Mulher,"Vale de Jesus, 17",Brasília,DF,2021-10-30
Daniela Azevedo,KJQ-7P03,14,Mulher,"Área Rodrigo Cavalcanti, 99",CORBÉLIA,PR,2021-11-22
Ana Laura Gomes,OII-0O04,70,Mulher,"Aeroporto Bernardo Duarte, 88",SÃO SEBASTIÃO DO UATUMÃ,AM,2020-05-05
Giovanna Dias,BGG-6J28,66,Mulher,"Ladeira Letícia Freitas, 135",NOVA LARANJEIRAS,PR,2022-01-05
Vitória da Luz,QOT-3Z36,46,Mulher,"Travessa Lorena da Cruz, 41",PORTO WALTER,AC,2022-12-03
Pedro Miguel Moura,JQP-0B08,62,Homem,"Passarela de Pinto, 35",NOVA CANAÃ DO NORTE,MT,2023-03-02
Dra. Isis Cunha,RYV-0Y12,85,Não binário,Colônia Rebeca Ferreira,JEQUIÁ DA PRAIA,AL,2023-05-18
Isabelly da Rosa,OVE-7X50,9,Não binário,"Setor das Neves, 44",DOM ELISEU,PA,2020-06-07
Carlos Eduardo da Rocha,UKD-9W77,58,Homem,"Colônia Souza, 973",JORDÃO,AC,2020-01-19
Nicole Teixeira,MSV-2Z66,51,Não binário,"Praça Gomes, 834",SÃO BENTO DO NORTE,RN,2020-01-22
Lorena das Neves,SHA-2B99,3,Mulher,"Lagoa Cunha, 34",MARAVILHA,AL,2022-04-02
Sra. Alícia Souza,WUG-2G35,19,Mulher,"Sítio Nogueira, 825",MACAU,RN,2020-07-20
Srta. Maria Moraes,AYE-2Y64,45,Mulher,"Alameda Barbosa, 22",MURICI,AL,2021-01-08
Dr. Leandro Cavalcanti,UPR-0G01,81,Homem,"Lagoa Benjamin Rocha, 23",SIDERÓPOLIS,SC,2021-08-22
Cecília Jesus,HVX-6E84,3,Não binário,"Viaduto Duarte, 1",NOSSA SENHORA DE LOURDES,SE,2022-03-26
Isabelly Cardoso,HBC-1Y88,100,Mulher,"Área de Araújo, 52",CAMPO MAIOR,PI,2023-06-09
Luiz Otávio Monteiro,LJY-7P91,29,Homem,"Ladeira da Rosa, 90",CHUPINGUAIA,RO,2022-07-13
Maria Alice Vieira,WTN-4D41,32,Mulher,Área Kaique Porto,UNIÃO DO SUL,MT,2022-04-17
Letícia Farias,PQX-0E07,26,Não binário,"Vale Peixoto, 42",ANGELIM,PE,2022-07-01
Guilherme Rocha,ZAW-4Y14,16,Homem,"Trecho da Conceição, 14",PERITORÓ,MA,2022-08-25
Samuel Moura,UTP-6R69,68,Homem,"Parque Campos, 61",SOBRÁLIA,MG,2023-06-02
Sra. Maria Eduarda Novaes,QAO-3F03,95,Mulher,"Residencial Novaes, 29",PEDRA BRANCA DO AMAPARI,AP,2022-10-03
Dra. Mariane Lima,LNF-8S83,9,Mulher,"Recanto Lorena Gomes, 45",ARROIO DOS RATOS,RS,2022-06-06
Alexia Santos,XLV-6F06,13,Não binário,"Largo Freitas, 38",MANACAPURU,AM,2021-10-30
Laís Castro,SOG-9U53,10,Mulher,Colônia Eduarda Fernandes,PROPRIÁ,SE,2022-02-27
Beatriz da Paz,LMH-4D16,45,Mulher,Trevo de da Rosa,IBIASSUCÊ,BA,2021-05-12
Ana Julia Aragão,CTB-1Z77,47,Mulher,"Recanto Almeida, 22",SEARA,SC,2021-10-31
Sophie Alves,AFF-8K55,14,Mulher,Viela Thomas Teixeira,NOVA VIÇOSA,BA,2022-07-09
Kamilly Dias,NPN-4G15,23,Mulher,"Estação de Moreira, 1",MOIPORÁ,GO,2023-04-12
Beatriz Rocha,MOF-0U46,63,Não binário,"Sítio Danilo da Costa, 6",NOVA VENÉCIA,ES,2020-01-12
Kaique da Paz,ZPO-3G50,39,Homem,"Estação de Almeida, 20",MARACAJU,MS,2020-08-09
Heloísa Ramos,KHL-4D77,43,Mulher,"Lagoa de Alves, 76",BREJO GRANDE DO ARAGUAIA,PA,2021-03-31
Vitória Carvalho,HSR-7G00,33,Não binário,"Lago Vicente Monteiro, 8",SÃO FERNANDO,RN,2021-03-12
Srta. Mariana Rocha,ROG-1R47,16,Mulher,Setor Alexia Nogueira,SÃO JOÃO DO PARAÍSO,MA,2021-05-28
Natália Oliveira,OLP-8O81,90,Mulher,"Conjunto Martins, 6",VIÇOSA DO CEARÁ,CE,2020-10-10
Nicolas Pereira,MXV-4H61,75,Homem,Avenida de da Mota,URUPÁ,RO,2023-06-09
Sr. Bruno da Conceição,FHR-3O12,10,Homem,"Jardim Bárbara Ramos, 79",MONTE ALEGRE,PA,2021-04-07
Sr. João Felipe Costela,DDT-9L09,33,Homem,Parque Castro,BOM JESUS DO SUL,PR,2021-04-18
Luiz Fernando Cunha,MGV-4J93,39,Homem,"Esplanada da Paz, 3",PENEDO,AL,2021-10-20
Sra. Rafaela Santos,QUL-7G82,92,Não binário,"Fazenda da Conceição, 49",AMAJARI,RR,2021-08-02
Enzo Farias,WZU-9F55,85,Homem,"Distrito de Gonçalves, 20",TAQUARITINGA DO NORTE,PE,2021-01-07
Joaquim Lopes,TEA-0N76,54,Homem,"Estrada de Oliveira, 6",JAPOATÃ,SE,2021-09-09
Luiz Miguel Rocha,UCK-5T55,50,Homem,"Lagoa da Conceição, 814",TRIUNFO,PB,2021-10-20
Maria Cecília da Paz,ELV-8X65,88,Mulher,"Quadra Maitê Lopes, 20",GOVERNADOR JORGE TEIXEIRA,RO,2022-03-25
Emanuella Monteiro,AZG-8Q65,65,Mulher,"Praia de Novaes, 90",BELA VISTA,MS,2020-05-17
Letícia Pires,VRB-1X35,21,Não binário,"Ladeira de da Costa, 345",MONTE NEGRO,RO,2023-07-04
Srta. Maria Sales,NIB-3D46,49,Mulher,"Largo de Lima, 34",TABAÍ,RS,2022-12-01
Marcela Alves,ACF-6E60,51,Não binário,"Via Luiza da Mata, 29",SOUSA,PB,2020-01-30
Sarah Barbosa,JOO-1M96,16,Não binário,"Parque de Moura, 7",SALTO VELOSO,SC,2023-03-04
Emilly Silveira,KZM-2U80,87,Mulher,"Travessa de Cardoso, 6",GENERAL MAYNARD,SE,2020-04-20
Lavínia Aragão,DLL-5L56,92,Mulher,"Favela Emanuelly Castro, 53",ARAGUAÇU,TO,2023-05-27
Fernando Campos,ERQ-4W31,36,Homem,"Viela Bruna Silveira, 54",PRATÁPOLIS,MG,2021-05-08
Diogo da Costa,AZQ-7G41,34,Homem,"Largo de da Luz, 65",ASSIS BRASIL,AC,2022-10-28
Catarina Santos,NZU-3V28,56,Mulher,"Sítio Novaes, 60",COARACI,BA,2022-10-25
Samuel da Cunha,PEM-3G31,20,Homem,"Área Natália Rocha, 114",CARMO,RJ,2021-04-11
Amanda Teixeira,QVI-6O58,21,Mulher,"Sítio Lima, 17",JARDIM DO MULATO,PI,2020-10-19
Luiz Felipe Freitas,VFU-0H74,87,Homem,"Passarela de Monteiro, 775",SANTA RITA DO TOCANTINS,TO,2022-08-21
Kamilly Teixeira,UDY-3K78,77,Mulher,"Pátio Maria Alice Gonçalves, 37",PIRAÍ,RJ,2023-01-30
Stephany Lopes,SND-4M07,72,Mulher,"Setor André Peixoto, 596",BELA CRUZ,CE,2020-12-22
Ana Sophia Nascimento,LCT-0F65,20,Mulher,Esplanada de Peixoto,CANTÁ,RR,2021-01-14
Benjamin Duarte,OHJ-1B19,9,Homem,Morro Ian Barros,AMAJARI,RR,2020-08-23
Sr. Davi Luiz Fernandes,QFW-7C28,43,Homem,"Fazenda Thales Correia, 45",SÃO VENDELINO,RS,2022-11-01
Isadora Gonçalves,KSI-1B02,69,Mulher,"Pátio de da Rocha, 53",CAMARAGIBE,PE,2020-02-15
Eduardo Melo,UUU-1I78,57,Homem,"Favela Dias, 4",BARRO ALTO,GO,2022-03-06
Maria Eduarda da Cruz,FVY-6J74,99,Mulher,"Parque Silveira, 757",MAMANGUAPE,PB,2023-01-06
Valentina Azevedo,VXF-1L95,31,Mulher,"Campo Luna Almeida, 6",SÍTIO D'ABADIA,GO,2023-06-15
Diogo Viana,JLG-6Z20,26,Homem,"Condomínio Campos, 77",SANTA TEREZINHA DE GOIÁS,GO,2022-01-19
Ana Vitória Teixeira,VYF-6M59,69,Mulher,"Esplanada Ana Beatriz da Costa, 326",ISRAELÂNDIA,GO,2020-03-16
Mirella Araújo,BVZ-1I16,68,Não binário,"Feira Sales, 93",ITAPERUNA,RJ,2020-03-09
Stephany Moura,YEE-1I57,75,Mulher,Esplanada Moura,NOVA TRENTO,SC,2021-07-02
Daniela Martins,JIF-9C26,32,Mulher,"Ladeira Luiz Otávio Sales, 3",HIDROLÂNDIA,GO,2020-06-19
Sofia Melo,HTZ-0K73,51,Não binário,"Setor Caldeira, 14",BERURI,AM,2021-06-06
Camila Jesus,YPG-8P25,57,Não binário,"Lago João Lucas Pereira, 14",MUCAJAÍ,RR,2022-02-01
Sr. Davi da Conceição,DYB-2J93,19,Homem,Avenida da Mata,Brasília,DF,2020-09-25
Cecília Gomes,DKD-7A06,15,Mulher,"Quadra Duarte, 252",AUTAZES,AM,2022-04-05
Lívia Araújo,PVM-5W71,48,Não binário,"Recanto de Peixoto, 36",PAUINI,AM,2021-11-23
Maysa Gonçalves,BTQ-4C52,17,Não binário,"Ladeira da Mota, 489",PAU D'ARCO,PA,2023-02-04
Dra. Fernanda Vieira,CYQ-4O33,63,Mulher,"Morro Santos, 12",CAPIXABA,AC,2020-03-27
Sabrina Martins,FDH-9I98,45,Mulher,"Campo Vieira, 9",SANTA BÁRBARA DO PARÁ,PA,2020-05-09
Fernando Gomes,ZCH-5E57,84,Homem,"Favela Ryan Viana, 6",SANTA ROSA DO PURUS,AC,2021-04-30
Sr. Luiz Gustavo Rodrigues,ROD-9Q29,3,Homem,"Lago da Rosa, 35",JAPERI,RJ,2020-07-22
Danilo Caldeira,VRH-3K54,46,Homem,Praça de Martins,Brasília,DF,2020-06-20
Henrique Costela,APM-5Z47,56,Homem,"Campo Moura, 60",NOVA BANDEIRANTES,MT,2020-09-09
Fernanda Santos,ZKA-8H63,24,Mulher,"Praça de da Paz, 3",JACUTINGA,MG,2020-01-16
Ana Beatriz Moraes,NWP-4E91,87,Não binário,"Trecho de Barros, 71",CUPIRA,PE,2020-01-17
Raquel da Mota,EMO-3E93,29,Não binário,Área Gabriel Aragão,TARTARUGALZINHO,AP,2021-01-14
Augusto Sales,AWP-7F86,76,Homem,Alameda Cardoso,ALVARÃES,AM,2021-02-21
João Pedro Santos,CTD-3P68,100,Homem,"Via de Farias, 19",DOIS IRMÃOS DAS MISSÕES,RS,2020-06-15
Esther Peixoto,NSO-9E10,88,Não binário,"Residencial Matheus Nogueira, 2",FEIJÓ,AC,2020-01-16
Luiz Gustavo Viana,HRF-1I70,71,Homem,Área Viana,PEQUERI,MG,2020-11-03
Catarina Pinto,NBY-4S83,76,Mulher,Parque Peixoto,BARRA DE SÃO FRANCISCO,ES,2020-11-20
Cauê Santos,AZQ-3U38,88,Homem,"Rodovia de Ramos, 27",UMBURANAS,BA,2023-07-14
Dr. Enrico Oliveira,RQQ-9V54,89,Homem,Quadra de Cunha,AMATURÁ,AM,2021-09-01
Fernanda Moreira,OHP-9S26,22,Não binário,"Praia de da Conceição, 77",SERRANÓPOLIS DE MINAS,MG,2022-03-18
Heloísa Souza,IFR-6O86,94,Não binário,"Residencial Otávio Caldeira, 15",SÍTIO NOVO,RN,2022-11-14
Evelyn Fernandes,SZS-1Y05,7,Mulher,"Ladeira Lucca Dias, 870",SERRA DO MEL,RN,2023-01-13
Fernando Campos,NHU-9L04,85,Homem,"Pátio Luana Mendes, 14",ELDORADO,MS,2021-12-16
Sr. João Lucas Castro,OFI-8P06,31,Homem,"Núcleo de Moraes, 2",ANCHIETA,ES,2021-05-26
Anthony Rocha,KPZ-1V56,94,Homem,Quadra de Mendes,IVOTI,RS,2021-10-12
Gabriel Barros,VBW-4J98,21,Homem,"Vila Melissa da Luz, 20",Brasília,DF,2022-03-27
Nina Lopes,MPO-4E95,37,Mulher,Quadra Costa,MIRANORTE,TO,2023-05-29
Natália da Cruz,CUU-3X84,27,Não binário,"Feira de Silveira, 2",TROMBAS,GO,2022-12-29
Carolina Teixeira,LWH-4O59,16,Mulher,"Morro de Costela, 22",CURIMATÁ,PI,2020-07-17
Laís Aragão,OVI-9N95,69,Não binário,"Trevo Lucas Gabriel Correia, 618",PERITORÓ,MA,2021-12-19
Stephany Sales,EZU-4M04,68,Não binário,"Rodovia de Melo, 734",LARANJA DA TERRA,ES,2022-12-28
Isabelly Ramos,ZDX-5X43,12,Mulher,"Conjunto Gonçalves, 1",SANTO AMARO DO MARANHÃO,MA,2020-07-23
Rafaela Carvalho,YXG-6W73,63,Mulher,"Rodovia de Cardoso, 9",BARRA DE SÃO FRANCISCO,ES,2020-06-18
Srta. Sophie Campos,GER-4Q81,66,Não binário,"Feira de Nunes, 1",SOUSA,PB,2021-03-19
Luiz Henrique Ribeiro,EUL-8I25,59,Homem,"Favela Ana Sophia Pires, 273",ESTRELA DO SUL,MG,2021-12-28
Theo Santos,CTC-0J68,28,Homem,"Rodovia Marcelo Souza, 6",PRESIDENTE FIGUEIREDO,AM,2021-11-09
Isadora da Conceição,SMG-8L38,83,Mulher,"Rua Vitor Hugo Azevedo, 89",ARAÇOIABA,PE,2022-07-26
Vitor Hugo Santos,KMP-1E45,43,Homem,"Travessa Maria Alice Ribeiro, 579",DATAS,MG,2020-10-23
Maysa Nogueira,VCO-3P73,65,Mulher,"Praça de Cardoso, 677",SANTO AMARO DAS BROTAS,SE,2021-02-14
Marcos Vinicius Monteiro,JMS-3B41,32,Homem,"Campo Alexandre Aragão, 62",CAPELA,SE,2023-07-10
Benício Porto,QOH-4D46,39,Homem,"Feira de Moura, 67",MANAQUIRI,AM,2021-02-27
Eduardo Moreira,ZWV-5Y06,21,Homem,"Trecho de Azevedo, 5",ALTO ALEGRE,RR,2020-11-23
Igor Alves,EJZ-6I23,42,Homem,"Favela Renan Costela, 139",PEDRO AVELINO,RN,2020-03-27
Luana Santos,EWU-3J30,69,Mulher,"Chácara João Felipe Freitas, 863",MUCAJAÍ,RR,2021-03-11
Sra. Maria da Costa,RQG-7V74,9,Mulher,"Residencial Alana da Luz, 4",ALMAS,TO,2022-01-08
Natália da Cunha,CUG-7F49,0,Não binário,"Ladeira Cavalcanti, 6",BUENÓPOLIS,MG,2021-06-03
Ana Julia Teixeira,QUL-1D83,89,Não binário,"Vereda Breno das Neves, 34",ICAPUÍ,CE,2020-05-19
Alana Campos,AQQ-9W26,38,Não binário,"Viela de Moreira, 944",MANOEL URBANO,AC,2020-11-02
Lorena Moura,PIC-2L70,12,Não binário,"Estação das Neves, 54",ANÍSIO DE ABREU,PI,2022-04-04
Dra. Eloah Almeida,JZU-5M41,0,Mulher,"Alameda Rebeca Lopes, 8",BREJO DE AREIA,MA,2020-03-16
Sr. Marcos Vinicius Nogueira,CRS-4S87,100,Homem,"Trevo João Pedro Costa, 991",IMBAÚ,PR,2020-12-06
João Pedro Oliveira,TQN-9H99,26,Homem,"Parque Pires, 90",CASTANHAL,PA,2021-01-01
Davi Lucas da Mota,AYC-0X83,24,Homem,"Favela de Duarte, 90",ARAPORÃ,MG,2023-01-24
Sr. Gabriel Jesus,MQP-7I37,100,Homem,"Estação Rodrigues, 1",PARANÃ,TO,2022-02-11
Melissa Costa,DIZ-3G25,30,Não binário,"Conjunto da Rocha, 6",SÃO JOÃO DO PAU D'ALHO,SP,2022-10-11
Maria Cecília Fogaça,HZY-4V36,97,Não binário,"Estação de Moura, 9",MANTENÓPOLIS,ES,2023-03-18
Lucas Porto,LNA-1Q80,86,Homem,"Largo Augusto Ramos, 9",BAYEUX,PB,2022-10-04
Emanuella da Luz,XTC-9H92,19,Mulher,"Passarela de Rocha, 88",ÁGUA NOVA,RN,2021-10-08
Ana Campos,TSJ-5D60,85,Mulher,"Parque Larissa da Luz, 230",ELÍSIO MEDRADO,BA,2020-12-20
Lavínia Porto,WET-9I80,28,Mulher,"Lagoa de Oliveira, 25",JARU,RO,2023-03-18
Vinicius da Paz,SBR-8U36,44,Homem,"Rodovia de Santos, 19",COXIXOLA,PB,2022-05-04
Ana Carolina Peixoto,JDN-0V69,42,Não binário,"Largo Leonardo Souza, 94",CAMUTANGA,PE,2023-02-09
Bruno Azevedo,TQB-1A01,46,Homem,"Conjunto de Silva, 41",VÁRZEA GRANDE,MT,2020-08-08
Dra. Sabrina Fogaça,WII-3T44,96,Não binário,"Lagoa Peixoto, 69",JI-PARANÁ,RO,2020-05-08
Sra. Isis das Neves,DNQ-3N38,21,Mulher,"Praça das Neves, 515",PALESTINA,AL,2021-07-29
Vinicius Moreira,ZUI-9U09,76,Homem,"Recanto de Silveira, 54",SERRITA,PE,2022-10-20
Carolina Cardoso,JEB-9V36,18,Não binário,"Colônia de Teixeira, 94",Brasília,DF,2021-06-27
